Time,VAV WITH REHEAT:DesPer 1:Des Heat Mass Flow [kg/s],VAV WITH REHEAT:DesPer 1:Des Heat Cap [W],VAV WITH REHEAT:DesPer 1:Des Cool Mass Flow [kg/s],VAV WITH REHEAT:DesPer 1:Des Sens Cool Cap [W],VAV WITH REHEAT:DesPer 1:Des Tot Cool Cap [W],VAV WITH REHEAT:DesPer 2:Des Heat Mass Flow [kg/s],VAV WITH REHEAT:DesPer 2:Des Heat Cap [W],VAV WITH REHEAT:DesPer 2:Des Cool Mass Flow [kg/s],VAV WITH REHEAT:DesPer 2:Des Sens Cool Cap [W],VAV WITH REHEAT:DesPer 2:Des Tot Cool Cap [W],VAV WITH REHEAT:DesPer 3:Des Heat Mass Flow [kg/s],VAV WITH REHEAT:DesPer 3:Des Heat Cap [W],VAV WITH REHEAT:DesPer 3:Des Cool Mass Flow [kg/s],VAV WITH REHEAT:DesPer 3:Des Sens Cool Cap [W],VAV WITH REHEAT:DesPer 3:Des Tot Cool Cap [W],VAV WITH REHEAT 1:DesPer 1:Des Heat Mass Flow [kg/s],VAV WITH REHEAT 1:DesPer 1:Des Heat Cap [W],VAV WITH REHEAT 1:DesPer 1:Des Cool Mass Flow [kg/s],VAV WITH REHEAT 1:DesPer 1:Des Sens Cool Cap [W],VAV WITH REHEAT 1:DesPer 1:Des Tot Cool Cap [W],VAV WITH REHEAT 1:DesPer 2:Des Heat Mass Flow [kg/s],VAV WITH REHEAT 1:DesPer 2:Des Heat Cap [W],VAV WITH REHEAT 1:DesPer 2:Des Cool Mass Flow [kg/s],VAV WITH REHEAT 1:DesPer 2:Des Sens Cool Cap [W],VAV WITH REHEAT 1:DesPer 2:Des Tot Cool Cap [W],VAV WITH REHEAT 1:DesPer 3:Des Heat Mass Flow [kg/s],VAV WITH REHEAT 1:DesPer 3:Des Heat Cap [W],VAV WITH REHEAT 1:DesPer 3:Des Cool Mass Flow [kg/s],VAV WITH REHEAT 1:DesPer 3:Des Sens Cool Cap [W],VAV WITH REHEAT 1:DesPer 3:Des Tot Cool Cap [W],VAV WITH REHEAT 2:DesPer 1:Des Heat Mass Flow [kg/s],VAV WITH REHEAT 2:DesPer 1:Des Heat Cap [W],VAV WITH REHEAT 2:DesPer 1:Des Cool Mass Flow [kg/s],VAV WITH REHEAT 2:DesPer 1:Des Sens Cool Cap [W],VAV WITH REHEAT 2:DesPer 1:Des Tot Cool Cap [W],VAV WITH REHEAT 2:DesPer 2:Des Heat Mass Flow [kg/s],VAV WITH REHEAT 2:DesPer 2:Des Heat Cap [W],VAV WITH REHEAT 2:DesPer 2:Des Cool Mass Flow [kg/s],VAV WITH REHEAT 2:DesPer 2:Des Sens Cool Cap [W],VAV WITH REHEAT 2:DesPer 2:Des Tot Cool Cap [W],VAV WITH REHEAT 2:DesPer 3:Des Heat Mass Flow [kg/s],VAV WITH REHEAT 2:DesPer 3:Des Heat Cap [W],VAV WITH REHEAT 2:DesPer 3:Des Cool Mass Flow [kg/s],VAV WITH REHEAT 2:DesPer 3:Des Sens Cool Cap [W],VAV WITH REHEAT 2:DesPer 3:Des Tot Cool Cap [W]
00:10:00,8.599332E-01,0.000000E+00,8.599332E-01,8.019817E+03,1.917066E+04,8.599332E-01,0.000000E+00,8.599332E-01,6.378006E+03,2.093291E+04,8.599332E-01,3.179930E+04,8.599332E-01,0.000000E+00,0.000000E+00,8.599332E-01,0.000000E+00,8.599332E-01,8.019817E+03,1.917066E+04,8.599332E-01,0.000000E+00,8.599332E-01,6.378006E+03,2.093291E+04,8.706694E-01,3.172118E+04,8.599332E-01,0.000000E+00,0.000000E+00,8.599332E-01,0.000000E+00,8.599332E-01,8.019817E+03,1.917066E+04,8.599332E-01,0.000000E+00,8.599332E-01,6.378006E+03,2.093291E+04,1.211381E+00,2.947509E+04,8.599332E-01,0.000000E+00,0.000000E+00
00:20:00,8.599332E-01,0.000000E+00,8.599332E-01,7.939455E+03,1.908828E+04,8.599332E-01,0.000000E+00,8.599332E-01,6.297643E+03,2.065660E+04,8.599332E-01,3.179930E+04,8.599332E-01,0.000000E+00,0.000000E+00,8.599332E-01,0.000000E+00,8.599332E-01,7.939455E+03,1.908828E+04,8.599332E-01,0.000000E+00,8.599332E-01,6.297643E+03,2.065660E+04,8.729525E-01,3.170465E+04,8.599332E-01,0.000000E+00,0.000000E+00,8.599332E-01,0.000000E+00,8.599332E-01,7.939455E+03,1.908828E+04,8.599332E-01,0.000000E+00,8.599332E-01,6.297643E+03,2.065660E+04,1.218173E+00,2.953352E+04,8.599332E-01,0.000000E+00,0.000000E+00
00:30:00,8.599332E-01,0.000000E+00,8.599332E-01,7.859092E+03,1.900590E+04,8.599332E-01,0.000000E+00,8.599332E-01,6.217281E+03,2.038135E+04,8.602843E-01,3.179673E+04,8.599332E-01,0.000000E+00,0.000000E+00,8.599332E-01,0.000000E+00,8.599332E-01,7.859092E+03,1.900590E+04,8.599332E-01,0.000000E+00,8.599332E-01,6.217281E+03,2.038135E+04,8.762647E-01,3.168072E+04,8.599332E-01,0.000000E+00,0.000000E+00,8.599332E-01,0.000000E+00,8.599332E-01,7.859092E+03,1.900590E+04,8.599332E-01,0.000000E+00,8.599332E-01,6.217281E+03,2.038135E+04,1.224674E+00,2.959677E+04,8.599332E-01,0.000000E+00,0.000000E+00
00:40:00,8.599332E-01,0.000000E+00,8.599332E-01,7.778730E+03,1.892354E+04,8.599332E-01,0.000000E+00,8.599332E-01,6.136919E+03,2.010713E+04,8.610187E-01,3.179137E+04,8.599332E-01,0.000000E+00,0.000000E+00,8.599332E-01,0.000000E+00,8.599332E-01,7.778730E+03,1.892354E+04,8.599332E-01,0.000000E+00,8.599332E-01,6.136919E+03,2.010713E+04,8.794028E-01,3.165809E+04,8.599332E-01,0.000000E+00,0.000000E+00,8.599332E-01,0.000000E+00,8.599332E-01,7.778730E+03,1.892354E+04,8.599332E-01,0.000000E+00,8.599332E-01,6.136919E+03,2.010713E+04,1.230932E+00,2.966395E+04,8.599332E-01,0.000000E+00,0.000000E+00
00:50:00,8.599332E-01,0.000000E+00,8.599332E-01,7.698368E+03,1.884116E+04,8.599332E-01,0.000000E+00,8.599332E-01,6.056556E+03,1.983397E+04,8.617180E-01,3.178627E+04,8.599332E-01,0.000000E+00,0.000000E+00,8.599332E-01,0.000000E+00,8.599332E-01,7.698368E+03,1.884116E+04,8.599332E-01,0.000000E+00,8.599332E-01,6.056556E+03,1.983397E+04,8.823906E-01,3.163660E+04,8.599332E-01,0.000000E+00,0.000000E+00,8.599332E-01,0.000000E+00,8.599332E-01,7.698368E+03,1.884116E+04,8.599332E-01,0.000000E+00,8.599332E-01,6.056556E+03,1.983397E+04,1.236981E+00,2.973470E+04,8.599332E-01,0.000000E+00,0.000000E+00
01:00:00,8.599332E-01,0.000000E+00,8.599332E-01,7.618005E+03,1.875879E+04,8.599332E-01,0.000000E+00,8.599332E-01,5.976194E+03,1.956183E+04,8.623865E-01,3.178139E+04,8.599332E-01,0.000000E+00,0.000000E+00,8.599332E-01,0.000000E+00,8.599332E-01,7.618005E+03,1.875879E+04,8.599332E-01,0.000000E+00,8.599332E-01,5.976194E+03,1.956183E+04,8.852472E-01,3.161610E+04,8.599332E-01,0.000000E+00,0.000000E+00,8.599332E-01,0.000000E+00,8.599332E-01,7.618005E+03,1.875879E+04,8.599332E-01,0.000000E+00,8.599332E-01,5.976194E+03,1.956183E+04,1.242846E+00,2.980874E+04,8.599332E-01,0.000000E+00,0.000000E+00
01:10:00,8.599332E-01,0.000000E+00,8.599332E-01,7.564430E+03,1.870388E+04,8.599332E-01,0.000000E+00,8.599332E-01,5.922619E+03,1.938098E+04,8.633261E-01,3.177455E+04,8.599332E-01,0.000000E+00,0.000000E+00,8.599332E-01,0.000000E+00,8.599332E-01,7.564430E+03,1.870388E+04,8.599332E-01,0.000000E+00,8.599332E-01,5.922619E+03,1.938098E+04,8.880778E-01,3.159582E+04,8.599332E-01,0.000000E+00,0.000000E+00,8.599332E-01,0.000000E+00,8.599332E-01,7.564430E+03,1.870388E+04,8.599332E-01,0.000000E+00,8.599332E-01,5.922619E+03,1.938098E+04,1.248606E+00,2.988553E+04,8.599332E-01,0.000000E+00,0.000000E+00
01:20:00,8.599332E-01,0.000000E+00,8.599332E-01,7.510855E+03,1.864895E+04,8.599332E-01,0.000000E+00,8.599332E-01,5.869044E+03,1.920059E+04,8.645798E-01,3.176542E+04,8.599332E-01,0.000000E+00,0.000000E+00,8.599332E-01,0.000000E+00,8.599332E-01,7.510855E+03,1.864895E+04,8.599332E-01,0.000000E+00,8.599332E-01,5.869044E+03,1.920059E+04,8.908070E-01,3.157631E+04,8.599332E-01,0.000000E+00,0.000000E+00,8.599332E-01,0.000000E+00,8.599332E-01,7.510855E+03,1.864895E+04,8.599332E-01,0.000000E+00,8.599332E-01,5.869044E+03,1.920059E+04,1.254218E+00,2.985834E+04,8.599332E-01,0.000000E+00,0.000000E+00
01:30:00,8.599332E-01,0.000000E+00,8.599332E-01,7.457281E+03,1.859403E+04,8.599332E-01,0.000000E+00,8.599332E-01,5.815469E+03,1.902066E+04,8.657919E-01,3.175660E+04,8.599332E-01,0.000000E+00,0.000000E+00,8.599332E-01,0.000000E+00,8.599332E-01,7.457281E+03,1.859403E+04,8.599332E-01,0.000000E+00,8.599332E-01,5.815469E+03,1.902066E+04,8.934470E-01,3.155747E+04,8.599332E-01,0.000000E+00,0.000000E+00,8.599332E-01,0.000000E+00,8.599332E-01,7.457281E+03,1.859403E+04,8.599332E-01,0.000000E+00,8.599332E-01,5.815469E+03,1.902066E+04,1.259699E+00,2.983136E+04,8.599332E-01,0.000000E+00,0.000000E+00
01:40:00,8.599332E-01,0.000000E+00,8.599332E-01,7.403706E+03,1.853912E+04,8.599332E-01,0.000000E+00,8.599332E-01,5.761894E+03,1.884117E+04,8.669671E-01,3.174806E+04,8.599332E-01,0.000000E+00,0.000000E+00,8.599332E-01,0.000000E+00,8.599332E-01,7.403706E+03,1.853912E+04,8.599332E-01,0.000000E+00,8.599332E-01,5.761894E+03,1.884117E+04,8.960073E-01,3.153923E+04,8.599332E-01,0.000000E+00,0.000000E+00,8.599332E-01,0.000000E+00,8.599332E-01,7.403706E+03,1.853912E+04,8.599332E-01,0.000000E+00,8.599332E-01,5.761894E+03,1.884117E+04,1.265060E+00,2.980497E+04,8.599332E-01,0.000000E+00,0.000000E+00
01:50:00,8.599332E-01,0.000000E+00,8.599332E-01,7.350131E+03,1.848421E+04,8.599332E-01,0.000000E+00,8.599332E-01,5.708319E+03,1.866214E+04,8.681095E-01,3.173976E+04,8.599332E-01,0.000000E+00,0.000000E+00,8.599332E-01,0.000000E+00,8.599332E-01,7.350131E+03,1.848421E+04,8.599332E-01,0.000000E+00,8.599332E-01,5.708319E+03,1.866214E+04,8.984958E-01,3.152153E+04,8.599332E-01,0.000000E+00,0.000000E+00,8.599332E-01,0.000000E+00,8.599332E-01,7.350131E+03,1.848421E+04,8.599332E-01,0.000000E+00,8.599332E-01,5.708319E+03,1.866214E+04,1.270317E+00,2.977910E+04,8.599332E-01,0.000000E+00,0.000000E+00
02:00:00,8.599332E-01,0.000000E+00,8.599332E-01,7.296556E+03,1.842928E+04,8.599332E-01,0.000000E+00,8.599332E-01,5.654744E+03,1.848356E+04,8.692219E-01,3.173169E+04,8.599332E-01,0.000000E+00,0.000000E+00,8.599332E-01,0.000000E+00,8.599332E-01,7.296556E+03,1.842928E+04,8.599332E-01,0.000000E+00,8.599332E-01,5.654744E+03,1.848356E+04,9.009186E-01,3.150433E+04,8.599332E-01,0.000000E+00,0.000000E+00,8.599332E-01,0.000000E+00,8.599332E-01,7.296556E+03,1.842928E+04,8.599332E-01,0.000000E+00,8.599332E-01,5.654744E+03,1.848356E+04,1.275479E+00,2.975368E+04,8.599332E-01,0.000000E+00,0.000000E+00
02:10:00,8.599332E-01,0.000000E+00,8.599332E-01,7.256375E+03,1.838810E+04,8.599332E-01,0.000000E+00,8.599332E-01,5.614563E+03,1.834992E+04,8.703073E-01,3.172382E+04,8.599332E-01,0.000000E+00,0.000000E+00,8.599332E-01,0.000000E+00,8.599332E-01,7.256375E+03,1.838810E+04,8.599332E-01,0.000000E+00,8.599332E-01,5.614563E+03,1.834992E+04,9.032809E-01,3.148759E+04,8.599332E-01,0.000000E+00,0.000000E+00,8.599332E-01,0.000000E+00,8.599332E-01,7.256375E+03,1.838810E+04,8.599332E-01,0.000000E+00,8.599332E-01,5.614563E+03,1.834992E+04,1.280558E+00,2.972868E+04,8.599332E-01,0.000000E+00,0.000000E+00
02:20:00,8.599332E-01,0.000000E+00,8.599332E-01,7.216194E+03,1.834692E+04,8.599332E-01,0.000000E+00,8.599332E-01,5.574382E+03,1.821654E+04,8.713677E-01,3.171614E+04,8.599332E-01,0.000000E+00,0.000000E+00,8.599332E-01,0.000000E+00,8.599332E-01,7.216194E+03,1.834692E+04,8.599332E-01,0.000000E+00,8.599332E-01,5.574382E+03,1.821654E+04,9.055866E-01,3.147128E+04,8.599332E-01,0.000000E+00,0.000000E+00,8.599332E-01,0.000000E+00,8.599332E-01,7.216194E+03,1.834692E+04,8.599332E-01,0.000000E+00,8.599332E-01,5.574382E+03,1.821654E+04,1.285560E+00,2.970406E+04,8.599332E-01,0.000000E+00,0.000000E+00
02:30:00,8.599332E-01,0.000000E+00,8.599332E-01,7.176012E+03,1.830573E+04,8.599332E-01,0.000000E+00,8.599332E-01,5.534201E+03,1.808340E+04,8.724050E-01,3.170863E+04,8.599332E-01,0.000000E+00,0.000000E+00,8.599332E-01,0.000000E+00,8.599332E-01,7.176012E+03,1.830573E+04,8.599332E-01,0.000000E+00,8.599332E-01,5.534201E+03,1.808340E+04,9.078386E-01,3.145536E+04,8.599332E-01,0.000000E+00,0.000000E+00,8.599332E-01,0.000000E+00,8.599332E-01,7.176012E+03,1.830573E+04,8.599332E-01,0.000000E+00,8.599332E-01,5.534201E+03,1.808340E+04,1.290492E+00,2.967978E+04,8.599332E-01,0.000000E+00,0.000000E+00
02:40:00,8.599332E-01,0.000000E+00,8.599332E-01,7.135831E+03,1.826455E+04,8.599332E-01,0.000000E+00,8.599332E-01,5.494020E+03,1.795052E+04,8.745234E-01,3.169331E+04,8.599332E-01,0.000000E+00,0.000000E+00,8.599332E-01,0.000000E+00,8.599332E-01,7.135831E+03,1.826455E+04,8.599332E-01,0.000000E+00,8.599332E-01,5.494020E+03,1.795052E+04,9.100394E-01,3.143984E+04,8.599332E-01,0.000000E+00,0.000000E+00,8.599332E-01,0.000000E+00,8.599332E-01,7.135831E+03,1.826455E+04,8.599332E-01,0.000000E+00,8.599332E-01,5.494020E+03,1.795052E+04,1.295358E+00,2.965583E+04,8.599332E-01,0.000000E+00,0.000000E+00
02:50:00,8.599332E-01,0.000000E+00,8.599332E-01,7.095650E+03,1.822335E+04,8.599332E-01,0.000000E+00,8.599332E-01,5.453839E+03,1.781788E+04,8.770408E-01,3.167514E+04,8.599332E-01,0.000000E+00,0.000000E+00,8.599332E-01,0.000000E+00,8.599332E-01,7.095650E+03,1.822335E+04,8.599332E-01,0.000000E+00,8.599332E-01,5.453839E+03,1.781788E+04,9.121906E-01,3.142468E+04,8.599332E-01,0.000000E+00,0.000000E+00,8.599332E-01,0.000000E+00,8.599332E-01,7.095650E+03,1.822335E+04,8.599332E-01,0.000000E+00,8.599332E-01,5.453839E+03,1.781788E+04,1.300161E+00,2.963219E+04,8.599332E-01,0.000000E+00,0.000000E+00
03:00:00,8.599332E-01,0.000000E+00,8.599332E-01,7.055469E+03,1.818217E+04,8.599332E-01,0.000000E+00,8.599332E-01,5.413657E+03,1.768550E+04,8.795105E-01,3.165735E+04,8.599332E-01,0.000000E+00,0.000000E+00,8.599332E-01,0.000000E+00,8.599332E-01,7.055469E+03,1.818217E+04,8.599332E-01,0.000000E+00,8.599332E-01,5.413657E+03,1.768550E+04,9.142934E-01,3.140989E+04,8.599332E-01,0.000000E+00,0.000000E+00,8.599332E-01,0.000000E+00,8.599332E-01,7.055469E+03,1.818217E+04,8.599332E-01,0.000000E+00,8.599332E-01,5.413657E+03,1.768550E+04,1.304905E+00,2.960883E+04,8.599332E-01,0.000000E+00,0.000000E+00
03:10:00,8.599332E-01,0.000000E+00,8.599332E-01,7.015288E+03,1.814099E+04,8.599332E-01,0.000000E+00,8.599332E-01,5.373476E+03,1.755336E+04,8.819346E-01,3.163991E+04,8.599332E-01,0.000000E+00,0.000000E+00,8.599332E-01,0.000000E+00,8.599332E-01,7.015288E+03,1.814099E+04,8.599332E-01,0.000000E+00,8.599332E-01,5.373476E+03,1.755336E+04,9.163486E-01,3.139545E+04,8.599332E-01,0.000000E+00,0.000000E+00,8.599332E-01,0.000000E+00,8.599332E-01,7.015288E+03,1.814099E+04,8.599332E-01,0.000000E+00,8.599332E-01,5.373476E+03,1.755336E+04,1.309592E+00,2.958576E+04,8.599332E-01,0.000000E+00,0.000000E+00
03:20:00,8.599332E-01,0.000000E+00,8.599332E-01,6.975106E+03,1.809979E+04,8.599332E-01,0.000000E+00,8.599332E-01,5.333295E+03,1.742147E+04,8.843149E-01,3.162282E+04,8.599332E-01,0.000000E+00,0.000000E+00,8.599332E-01,0.000000E+00,8.599332E-01,6.975106E+03,1.809979E+04,8.599332E-01,0.000000E+00,8.599332E-01,5.333295E+03,1.742147E+04,9.183560E-01,3.138137E+04,8.599332E-01,0.000000E+00,0.000000E+00,8.599332E-01,0.000000E+00,8.599332E-01,6.975106E+03,1.809979E+04,8.599332E-01,0.000000E+00,8.599332E-01,5.333295E+03,1.742147E+04,1.314223E+00,2.956296E+04,8.599332E-01,0.000000E+00,0.000000E+00
03:30:00,8.599332E-01,0.000000E+00,8.599332E-01,6.934925E+03,1.805861E+04,8.599332E-01,0.000000E+00,8.599332E-01,5.293114E+03,1.728983E+04,8.866531E-01,3.160606E+04,8.599332E-01,0.000000E+00,0.000000E+00,8.599332E-01,0.000000E+00,8.599332E-01,6.934925E+03,1.805861E+04,8.599332E-01,0.000000E+00,8.599332E-01,5.293114E+03,1.728983E+04,9.203150E-01,3.136764E+04,8.599332E-01,0.000000E+00,0.000000E+00,8.599332E-01,0.000000E+00,8.599332E-01,6.934925E+03,1.805861E+04,8.599332E-01,0.000000E+00,8.599332E-01,5.293114E+03,1.728983E+04,1.318801E+00,2.954043E+04,8.599332E-01,0.000000E+00,0.000000E+00
03:40:00,8.599332E-01,0.000000E+00,8.599332E-01,6.894744E+03,1.801742E+04,8.599332E-01,0.000000E+00,8.599332E-01,5.252933E+03,1.715844E+04,8.889506E-01,3.158961E+04,8.599332E-01,0.000000E+00,0.000000E+00,8.599332E-01,0.000000E+00,8.599332E-01,6.894744E+03,1.801742E+04,8.599332E-01,0.000000E+00,8.599332E-01,5.252933E+03,1.715844E+04,9.222220E-01,3.135430E+04,8.599332E-01,0.000000E+00,0.000000E+00,8.599332E-01,0.000000E+00,8.599332E-01,6.894744E+03,1.801742E+04,8.599332E-01,0.000000E+00,8.599332E-01,5.252933E+03,1.715844E+04,1.323327E+00,2.951815E+04,8.599332E-01,0.000000E+00,0.000000E+00
03:50:00,8.599332E-01,0.000000E+00,8.599332E-01,6.854563E+03,1.797623E+04,8.599332E-01,0.000000E+00,8.599332E-01,5.212751E+03,1.702729E+04,8.912086E-01,3.157348E+04,8.599332E-01,0.000000E+00,0.000000E+00,8.599332E-01,0.000000E+00,8.599332E-01,6.854563E+03,1.797623E+04,8.599332E-01,0.000000E+00,8.599332E-01,5.212751E+03,1.702729E+04,9.240779E-01,3.134132E+04,8.599332E-01,0.000000E+00,0.000000E+00,8.599332E-01,0.000000E+00,8.599332E-01,6.854563E+03,1.797623E+04,8.599332E-01,0.000000E+00,8.599332E-01,5.212751E+03,1.702729E+04,1.327801E+00,2.949612E+04,8.599332E-01,0.000000E+00,0.000000E+00
04:00:00,8.599332E-01,0.000000E+00,8.599332E-01,6.814382E+03,1.793504E+04,8.599332E-01,0.000000E+00,8.599332E-01,5.172570E+03,1.689639E+04,8.934281E-01,3.155765E+04,8.599332E-01,0.000000E+00,0.000000E+00,8.599332E-01,0.000000E+00,8.599332E-01,6.814382E+03,1.793504E+04,8.599332E-01,0.000000E+00,8.599332E-01,5.172570E+03,1.689639E+04,9.258836E-01,3.132872E+04,8.599332E-01,0.000000E+00,0.000000E+00,8.599332E-01,0.000000E+00,8.599332E-01,6.814382E+03,1.793504E+04,8.599332E-01,0.000000E+00,8.599332E-01,5.172570E+03,1.689639E+04,1.332226E+00,2.947434E+04,8.599332E-01,0.000000E+00,0.000000E+00
04:10:00,8.599332E-01,0.000000E+00,8.599332E-01,6.787594E+03,1.790759E+04,8.599332E-01,0.000000E+00,8.599332E-01,5.145783E+03,1.680927E+04,8.956101E-01,3.154210E+04,8.599332E-01,0.000000E+00,0.000000E+00,8.599332E-01,0.000000E+00,8.599332E-01,6.787594E+03,1.790759E+04,8.599332E-01,0.000000E+00,8.599332E-01,5.145783E+03,1.680927E+04,9.276361E-01,3.131650E+04,8.599332E-01,0.000000E+00,0.000000E+00,8.599332E-01,0.000000E+00,8.599332E-01,6.787594E+03,1.790759E+04,8.599332E-01,0.000000E+00,8.599332E-01,5.145783E+03,1.680927E+04,1.336600E+00,2.945281E+04,8.599332E-01,0.000000E+00,0.000000E+00
04:20:00,8.599332E-01,0.000000E+00,8.599332E-01,6.760807E+03,1.788013E+04,8.599332E-01,0.000000E+00,8.599332E-01,5.118995E+03,1.672225E+04,8.977556E-01,3.152684E+04,8.599332E-01,0.000000E+00,0.000000E+00,8.599332E-01,0.000000E+00,8.599332E-01,6.760807E+03,1.788013E+04,8.599332E-01,0.000000E+00,8.599332E-01,5.118995E+03,1.672225E+04,9.293391E-01,3.130463E+04,8.599332E-01,0.000000E+00,0.000000E+00,8.599332E-01,0.000000E+00,8.599332E-01,6.760807E+03,1.788013E+04,8.599332E-01,0.000000E+00,8.599332E-01,5.118995E+03,1.672225E+04,1.340927E+00,2.943151E+04,8.599332E-01,0.000000E+00,0.000000E+00
04:30:00,8.599332E-01,0.000000E+00,8.599332E-01,6.734019E+03,1.785268E+04,8.599332E-01,0.000000E+00,8.599332E-01,5.092208E+03,1.663533E+04,8.998652E-01,3.151186E+04,8.599332E-01,0.000000E+00,0.000000E+00,8.599332E-01,0.000000E+00,8.599332E-01,6.734019E+03,1.785268E+04,8.599332E-01,0.000000E+00,8.599332E-01,5.092208E+03,1.663533E+04,9.309943E-01,3.129312E+04,8.599332E-01,0.000000E+00,0.000000E+00,8.599332E-01,0.000000E+00,8.599332E-01,6.734019E+03,1.785268E+04,8.599332E-01,0.000000E+00,8.599332E-01,5.092208E+03,1.663533E+04,1.345205E+00,2.941045E+04,8.599332E-01,0.000000E+00,0.000000E+00
04:40:00,8.599332E-01,0.000000E+00,8.599332E-01,6.707232E+03,1.782521E+04,8.599332E-01,0.000000E+00,8.599332E-01,5.065420E+03,1.654853E+04,9.019398E-01,3.149715E+04,8.599332E-01,0.000000E+00,0.000000E+00,8.599332E-01,0.000000E+00,8.599332E-01,6.707232E+03,1.782521E+04,8.599332E-01,0.000000E+00,8.599332E-01,5.065420E+03,1.654853E+04,9.326050E-01,3.128192E+04,8.599332E-01,0.000000E+00,0.000000E+00,8.599332E-01,0.000000E+00,8.599332E-01,6.707232E+03,1.782521E+04,8.599332E-01,0.000000E+00,8.599332E-01,5.065420E+03,1.654853E+04,1.349436E+00,2.938962E+04,8.599332E-01,0.000000E+00,0.000000E+00
04:50:00,8.599332E-01,0.000000E+00,8.599332E-01,6.680445E+03,1.779775E+04,8.599332E-01,0.000000E+00,8.599332E-01,5.038633E+03,1.646183E+04,9.039799E-01,3.148270E+04,8.599332E-01,0.000000E+00,0.000000E+00,8.599332E-01,0.000000E+00,8.599332E-01,6.680445E+03,1.779775E+04,8.599332E-01,0.000000E+00,8.599332E-01,5.038633E+03,1.646183E+04,9.341667E-01,3.127107E+04,8.599332E-01,0.000000E+00,0.000000E+00,8.599332E-01,0.000000E+00,8.599332E-01,6.680445E+03,1.779775E+04,8.599332E-01,0.000000E+00,8.599332E-01,5.038633E+03,1.646183E+04,1.353620E+00,2.936902E+04,8.599332E-01,0.000000E+00,0.000000E+00
05:00:00,8.599332E-01,0.000000E+00,8.599332E-01,6.653657E+03,1.777030E+04,8.599332E-01,0.000000E+00,8.599332E-01,5.011846E+03,1.637525E+04,9.059861E-01,3.146851E+04,8.599332E-01,0.000000E+00,0.000000E+00,8.599332E-01,0.000000E+00,8.599332E-01,6.653657E+03,1.777030E+04,8.599332E-01,0.000000E+00,8.599332E-01,5.011846E+03,1.637525E+04,9.356664E-01,3.126067E+04,8.599332E-01,0.000000E+00,0.000000E+00,8.599332E-01,0.000000E+00,8.599332E-01,6.653657E+03,1.777030E+04,8.599332E-01,0.000000E+00,8.599332E-01,5.011846E+03,1.637525E+04,1.357758E+00,2.934865E+04,8.599332E-01,0.000000E+00,0.000000E+00
05:10:00,8.599332E-01,0.000000E+00,8.599332E-01,6.680445E+03,1.779775E+04,8.599332E-01,0.000000E+00,8.599332E-01,5.038633E+03,1.646183E+04,9.079590E-01,3.145458E+04,8.599332E-01,0.000000E+00,0.000000E+00,8.599332E-01,0.000000E+00,8.599332E-01,6.680445E+03,1.779775E+04,8.599332E-01,0.000000E+00,8.599332E-01,5.038633E+03,1.646183E+04,9.371215E-01,3.125058E+04,8.599332E-01,0.000000E+00,0.000000E+00,8.599332E-01,0.000000E+00,8.599332E-01,6.680445E+03,1.779775E+04,8.599332E-01,0.000000E+00,8.599332E-01,5.038633E+03,1.646183E+04,1.361850E+00,2.932851E+04,8.599332E-01,0.000000E+00,0.000000E+00
05:20:00,8.599332E-01,0.000000E+00,8.599332E-01,6.707232E+03,1.782521E+04,8.599332E-01,0.000000E+00,8.599332E-01,5.065420E+03,1.654853E+04,9.098991E-01,3.144089E+04,8.599332E-01,0.000000E+00,0.000000E+00,8.599332E-01,0.000000E+00,8.599332E-01,6.707232E+03,1.782521E+04,8.599332E-01,0.000000E+00,8.599332E-01,5.065420E+03,1.654853E+04,9.385363E-01,3.124078E+04,8.599332E-01,0.000000E+00,0.000000E+00,8.599332E-01,0.000000E+00,8.599332E-01,6.707232E+03,1.782521E+04,8.599332E-01,0.000000E+00,8.599332E-01,5.065420E+03,1.654853E+04,1.365898E+00,2.930858E+04,8.599332E-01,0.000000E+00,0.000000E+00
05:30:00,8.599332E-01,0.000000E+00,8.599332E-01,6.734019E+03,1.785268E+04,8.599332E-01,0.000000E+00,8.599332E-01,5.092208E+03,1.663533E+04,9.118067E-01,3.142745E+04,8.599332E-01,0.000000E+00,0.000000E+00,8.599332E-01,0.000000E+00,8.599332E-01,6.734019E+03,1.785268E+04,8.599332E-01,0.000000E+00,8.599332E-01,5.092208E+03,1.663533E+04,9.399187E-01,3.123122E+04,8.599332E-01,0.000000E+00,0.000000E+00,8.599332E-01,0.000000E+00,8.599332E-01,6.734019E+03,1.785268E+04,8.599332E-01,0.000000E+00,8.599332E-01,5.092208E+03,1.663533E+04,1.369901E+00,2.928888E+04,8.599332E-01,0.000000E+00,0.000000E+00
05:40:00,8.599332E-01,0.000000E+00,8.599332E-01,6.760807E+03,1.788013E+04,8.599332E-01,0.000000E+00,8.599332E-01,5.118995E+03,1.672225E+04,9.136824E-01,3.141425E+04,8.599332E-01,0.000000E+00,0.000000E+00,8.599332E-01,0.000000E+00,8.599332E-01,6.760807E+03,1.788013E+04,8.599332E-01,0.000000E+00,8.599332E-01,5.118995E+03,1.672225E+04,9.412834E-01,3.122178E+04,8.599332E-01,0.000000E+00,0.000000E+00,8.599332E-01,0.000000E+00,8.599332E-01,6.760807E+03,1.788013E+04,8.599332E-01,0.000000E+00,8.599332E-01,5.118995E+03,1.672225E+04,1.373860E+00,2.926939E+04,8.599332E-01,0.000000E+00,0.000000E+00
05:50:00,8.599332E-01,0.000000E+00,8.599332E-01,6.787594E+03,1.790759E+04,8.599332E-01,0.000000E+00,8.599332E-01,5.145783E+03,1.680927E+04,9.155263E-01,3.140129E+04,8.599332E-01,0.000000E+00,0.000000E+00,8.599332E-01,0.000000E+00,8.599332E-01,6.787594E+03,1.790759E+04,8.599332E-01,0.000000E+00,8.599332E-01,5.145783E+03,1.680927E+04,9.426403E-01,3.121241E+04,8.599332E-01,0.000000E+00,0.000000E+00,8.599332E-01,0.000000E+00,8.599332E-01,6.787594E+03,1.790759E+04,8.599332E-01,0.000000E+00,8.599332E-01,5.145783E+03,1.680927E+04,1.377775E+00,2.925012E+04,8.599332E-01,0.000000E+00,0.000000E+00
06:00:00,8.599332E-01,0.000000E+00,8.599332E-01,6.814382E+03,1.793504E+04,8.599332E-01,0.000000E+00,8.599332E-01,5.172570E+03,1.689639E+04,9.173389E-01,3.138857E+04,8.599332E-01,0.000000E+00,0.000000E+00,8.599332E-01,0.000000E+00,8.599332E-01,6.814382E+03,1.793504E+04,8.599332E-01,0.000000E+00,8.599332E-01,5.172570E+03,1.689639E+04,9.440022E-01,3.120301E+04,8.599332E-01,0.000000E+00,0.000000E+00,8.599332E-01,0.000000E+00,8.599332E-01,6.814382E+03,1.793504E+04,8.599332E-01,0.000000E+00,8.599332E-01,5.172570E+03,1.689639E+04,1.381647E+00,2.923105E+04,8.599332E-01,0.000000E+00,0.000000E+00
06:10:00,8.599332E-01,0.000000E+00,9.457616E-01,8.100070E+03,1.944732E+04,8.599332E-01,0.000000E+00,9.402692E-01,6.367324E+03,1.854889E+04,1.043321E+00,3.052294E+04,8.599332E-01,0.000000E+00,0.000000E+00,8.599332E-01,0.000000E+00,9.424264E-01,8.116917E+03,1.949177E+04,8.599332E-01,0.000000E+00,9.339999E-01,6.336513E+03,1.853663E+04,1.064955E+00,3.038003E+04,8.599332E-01,0.000000E+00,0.000000E+00,8.599332E-01,0.000000E+00,9.618709E-01,8.414106E+03,1.987305E+04,8.599332E-01,0.000000E+00,9.348300E-01,6.350124E+03,1.857365E+04,1.540639E+00,2.835343E+04,8.599332E-01,0.000000E+00,0.000000E+00
06:20:00,8.599332E-01,0.000000E+00,1.252973E+00,1.230111E+04,2.435436E+04,8.599332E-01,0.000000E+00,1.180483E+00,9.639021E+03,2.267162E+04,1.018691E+00,3.066050E+04,8.599332E-01,0.000000E+00,0.000000E+00,8.599332E-01,0.000000E+00,1.566700E+00,1.690220E+04,2.988749E+04,8.599332E-01,0.000000E+00,1.482666E+00,1.398513E+04,2.805446E+04,1.043540E+00,3.048979E+04,8.599332E-01,0.000000E+00,0.000000E+00,8.599332E-01,0.000000E+00,1.620256E+00,1.772180E+04,3.098450E+04,8.599332E-01,0.000000E+00,1.497195E+00,1.419287E+04,2.846264E+04,1.569502E+00,2.804578E+04,8.599332E-01,0.000000E+00,0.000000E+00
06:30:00,8.599332E-01,0.000000E+00,1.925932E+00,2.088490E+04,3.405104E+04,8.599332E-01,0.000000E+00,1.815351E+00,1.771516E+04,3.221610E+04,1.098917E+00,3.007294E+04,8.599332E-01,0.000000E+00,0.000000E+00,8.599332E-01,0.000000E+00,2.408843E+00,2.773354E+04,4.201507E+04,8.599332E-01,0.000000E+00,2.281606E+00,2.422367E+04,4.001084E+04,1.128263E+00,2.987104E+04,8.599332E-01,0.000000E+00,0.000000E+00,8.599332E-01,0.000000E+00,2.484875E+00,2.885733E+04,4.348008E+04,8.599332E-01,0.000000E+00,2.297885E+00,2.444790E+04,4.052925E+04,1.684586E+00,2.713887E+04,8.599332E-01,0.000000E+00,0.000000E+00
06:40:00,8.599332E-01,0.000000E+00,2.310187E+00,2.515616E+04,3.891509E+04,8.599332E-01,0.000000E+00,2.176086E+00,2.175579E+04,3.713647E+04,1.162197E+00,2.958338E+04,8.599332E-01,0.000000E+00,0.000000E+00,8.599332E-01,0.000000E+00,2.927658E+00,3.330975E+04,4.838158E+04,8.599332E-01,0.000000E+00,2.768059E+00,2.948489E+04,4.638004E+04,1.196299E+00,2.934511E+04,8.599332E-01,0.000000E+00,0.000000E+00,8.599332E-01,0.000000E+00,3.022374E+00,3.460354E+04,5.009017E+04,8.599332E-01,0.000000E+00,2.786714E+00,2.972479E+04,4.698975E+04,1.783936E+00,2.626016E+04,8.599332E-01,0.000000E+00,0.000000E+00
06:50:00,8.599332E-01,0.000000E+00,2.717841E+00,2.917967E+04,4.299475E+04,8.599332E-01,0.000000E+00,2.560533E+00,2.561466E+04,4.130909E+04,1.225645E+00,2.907045E+04,8.599332E-01,0.000000E+00,0.000000E+00,8.599332E-01,0.000000E+00,3.461428E+00,3.825521E+04,5.314692E+04,8.599332E-01,0.000000E+00,3.270823E+00,3.422444E+04,5.118994E+04,1.264811E+00,2.879105E+04,8.599332E-01,0.000000E+00,0.000000E+00,8.599332E-01,0.000000E+00,3.573406E+00,3.965414E+04,5.490439E+04,8.599332E-01,0.000000E+00,3.291303E+00,3.447045E+04,5.178657E+04,1.919695E+00,2.509146E+04,8.599332E-01,0.000000E+00,0.000000E+00
07:00:00,8.599332E-01,0.000000E+00,3.128364E+00,3.263160E+04,4.636960E+04,8.599332E-01,0.000000E+00,2.948322E+00,2.897269E+04,4.483230E+04,1.287857E+00,2.854137E+04,8.599332E-01,0.000000E+00,0.000000E+00,8.599332E-01,0.000000E+00,3.993812E+00,4.231116E+04,5.685688E+04,8.599332E-01,0.000000E+00,3.772853E+00,3.817610E+04,5.501757E+04,1.332312E+00,2.821624E+04,8.599332E-01,0.000000E+00,0.000000E+00,8.599332E-01,0.000000E+00,4.122511E+00,4.376352E+04,5.860600E+04,8.599332E-01,0.000000E+00,3.794930E+00,3.842478E+04,5.558680E+04,2.091750E+00,2.359815E+04,8.599332E-01,0.000000E+00,0.000000E+00
07:10:00,8.599332E-01,0.000000E+00,2.802083E+00,2.904180E+04,4.204199E+04,8.599332E-01,0.000000E+00,2.639548E+00,2.560652E+04,4.120369E+04,1.375429E+00,2.779878E+04,8.599332E-01,0.000000E+00,0.000000E+00,8.599332E-01,0.000000E+00,3.646760E+00,3.835902E+04,5.193735E+04,8.599332E-01,0.000000E+00,3.436326E+00,3.439292E+04,5.069101E+04,1.432194E+00,2.739516E+04,8.599332E-01,0.000000E+00,0.000000E+00,8.599332E-01,0.000000E+00,3.764487E+00,3.965918E+04,5.344331E+04,8.599332E-01,0.000000E+00,3.449736E+00,3.454112E+04,5.106238E+04,2.314240E+00,2.152280E+04,8.599332E-01,0.000000E+00,0.000000E+00
07:20:00,8.599332E-01,0.000000E+00,2.807970E+00,2.936217E+04,4.214619E+04,8.599332E-01,0.000000E+00,2.655818E+00,2.603834E+04,4.194888E+04,1.548084E+00,2.638094E+04,8.599332E-01,0.000000E+00,0.000000E+00,8.599332E-01,0.000000E+00,3.588759E+00,3.799068E+04,5.118496E+04,8.599332E-01,0.000000E+00,3.392308E+00,3.417702E+04,5.058584E+04,1.612225E+00,2.591097E+04,8.599332E-01,0.000000E+00,0.000000E+00,8.599332E-01,0.000000E+00,3.696654E+00,3.918271E+04,5.254129E+04,8.599332E-01,0.000000E+00,3.402929E+00,3.429397E+04,5.088874E+04,2.681075E+00,1.812532E+04,8.599332E-01,0.000000E+00,0.000000E+00
07:30:00,8.599332E-01,0.000000E+00,2.607187E+00,2.737089E+04,3.985558E+04,8.599332E-01,0.000000E+00,2.471230E+00,2.422609E+04,4.035635E+04,1.639997E+00,2.548733E+04,8.599332E-01,0.000000E+00,0.000000E+00,8.599332E-01,0.000000E+00,3.329699E+00,3.535557E+04,4.820244E+04,8.599332E-01,0.000000E+00,3.147184E+00,3.169599E+04,4.825189E+04,1.710887E+00,2.495564E+04,8.599332E-01,0.000000E+00,0.000000E+00,8.599332E-01,0.000000E+00,3.431355E+00,3.647871E+04,4.946779E+04,8.599332E-01,0.000000E+00,3.157672E+00,3.181153E+04,4.852489E+04,2.927889E+00,1.561661E+04,8.599332E-01,0.000000E+00,0.000000E+00
07:40:00,8.599332E-01,0.000000E+00,2.698283E+00,2.860598E+04,4.106751E+04,8.599332E-01,0.000000E+00,2.564165E+00,2.548152E+04,4.214747E+04,1.716516E+00,2.467672E+04,8.599332E-01,0.000000E+00,0.000000E+00,8.599332E-01,0.000000E+00,3.395417E+00,3.631057E+04,4.909569E+04,8.599332E-01,0.000000E+00,3.216205E+00,3.268756E+04,4.973142E+04,1.794842E+00,2.406586E+04,8.599332E-01,0.000000E+00,0.000000E+00,8.599332E-01,0.000000E+00,3.494689E+00,3.740748E+04,5.032741E+04,8.599332E-01,0.000000E+00,3.226100E+00,3.279661E+04,4.999193E+04,3.078019E+00,1.369861E+04,8.599332E-01,0.000000E+00,0.000000E+00
07:50:00,8.599332E-01,0.000000E+00,2.769385E+00,2.961995E+04,4.205483E+04,8.599332E-01,0.000000E+00,2.636924E+00,2.651384E+04,4.372064E+04,1.789186E+00,2.385591E+04,8.599332E-01,0.000000E+00,0.000000E+00,8.599332E-01,0.000000E+00,3.447952E+00,3.711963E+04,4.986080E+04,8.599332E-01,0.000000E+00,3.270896E+00,3.352049E+04,5.108602E+04,1.874936E+00,2.316099E+04,8.599332E-01,0.000000E+00,0.000000E+00,8.599332E-01,0.000000E+00,3.546428E+00,3.820782E+04,5.108049E+04,8.599332E-01,0.000000E+00,3.280997E+00,3.363188E+04,5.134715E+04,3.269939E+00,1.132692E+04,8.599332E-01,0.000000E+00,0.000000E+00
08:00:00,8.599332E-01,0.000000E+00,2.840825E+00,3.063753E+04,4.305810E+04,8.599332E-01,0.000000E+00,2.709709E+00,2.754630E+04,4.531802E+04,1.859974E+00,2.300982E+04,8.599332E-01,0.000000E+00,0.000000E+00,8.599332E-01,0.000000E+00,3.503706E+00,3.796402E+04,5.068167E+04,8.599332E-01,0.000000E+00,3.328300E+00,3.438315E+04,5.250763E+04,1.953233E+00,2.222498E+04,8.599332E-01,0.000000E+00,0.000000E+00,8.599332E-01,0.000000E+00,3.602187E+00,3.905233E+04,5.190046E+04,8.599332E-01,0.000000E+00,3.339163E+00,3.450299E+04,5.277894E+04,3.448872E+00,8.940862E+03,8.599332E-01,0.000000E+00,0.000000E+00
08:10:00,8.599332E-01,0.000000E+00,3.024455E+00,3.292182E+04,4.541354E+04,8.599332E-01,0.000000E+00,2.894255E+00,2.984070E+04,4.780001E+04,1.736839E+00,2.398326E+04,8.599332E-01,0.000000E+00,0.000000E+00,8.599332E-01,0.000000E+00,3.671179E+00,4.006982E+04,5.284341E+04,8.599332E-01,0.000000E+00,3.496906E+00,3.650146E+04,5.480434E+04,1.836645E+00,2.309531E+04,8.599332E-01,0.000000E+00,0.000000E+00,8.599332E-01,0.000000E+00,3.770479E+00,4.116721E+04,5.407415E+04,8.599332E-01,0.000000E+00,3.509088E+00,3.663590E+04,5.510033E+04,3.157165E+00,1.125046E+04,8.599332E-01,0.000000E+00,0.000000E+00
08:20:00,8.599332E-01,0.000000E+00,3.216912E+00,3.530357E+04,4.815784E+04,8.599332E-01,0.000000E+00,3.087339E+00,3.222937E+04,5.054838E+04,1.673285E+00,2.451863E+04,8.599332E-01,0.000000E+00,0.000000E+00,8.599332E-01,0.000000E+00,3.847764E+00,4.227621E+04,5.548632E+04,8.599332E-01,0.000000E+00,3.674275E+00,3.871648E+04,5.745276E+04,1.777258E+00,2.359552E+04,8.599332E-01,0.000000E+00,0.000000E+00,8.599332E-01,0.000000E+00,3.948551E+00,4.339003E+04,5.674537E+04,8.599332E-01,0.000000E+00,3.688282E+00,3.887107E+04,5.777505E+04,3.025066E+00,1.243752E+04,8.599332E-01,0.000000E+00,0.000000E+00
08:30:00,8.599332E-01,0.000000E+00,3.413864E+00,3.773492E+04,5.108628E+04,8.599332E-01,0.000000E+00,3.284730E+00,3.466553E+04,5.346881E+04,1.581768E+00,2.534399E+04,8.599332E-01,0.000000E+00,0.000000E+00,8.599332E-01,0.000000E+00,4.029408E+00,4.453835E+04,5.834010E+04,8.599332E-01,0.000000E+00,3.856487E+00,4.098488E+04,6.029914E+04,1.689784E+00,2.437760E+04,8.599332E-01,0.000000E+00,0.000000E+00,8.599332E-01,0.000000E+00,4.132274E+00,4.567514E+04,5.963445E+04,8.599332E-01,0.000000E+00,3.872825E+00,4.116522E+04,6.065069E+04,2.810040E+00,1.436026E+04,8.599332E-01,0.000000E+00,0.000000E+00
08:40:00,8.599332E-01,0.000000E+00,3.613635E+00,4.019730E+04,5.403308E+04,8.599332E-01,0.000000E+00,3.484833E+00,3.713157E+04,5.641073E+04,1.519197E+00,2.590358E+04,8.599332E-01,0.000000E+00,0.000000E+00,8.599332E-01,0.000000E+00,4.214218E+00,4.683534E+04,6.118177E+04,8.599332E-01,0.000000E+00,4.041769E+00,4.328704E+04,6.314031E+04,1.630853E+00,2.490471E+04,8.599332E-01,0.000000E+00,0.000000E+00,8.599332E-01,0.000000E+00,4.319712E+00,4.800116E+04,6.251291E+04,8.599332E-01,0.000000E+00,4.060874E+00,4.349795E+04,6.352575E+04,2.673524E+00,1.558083E+04,8.599332E-01,0.000000E+00,0.000000E+00
08:50:00,8.599332E-01,0.000000E+00,3.814751E+00,4.267444E+04,5.693578E+04,8.599332E-01,0.000000E+00,3.686225E+00,3.961173E+04,5.931635E+04,1.457344E+00,2.645667E+04,8.599332E-01,0.000000E+00,0.000000E+00,8.599332E-01,0.000000E+00,4.400795E+00,4.915170E+04,6.393777E+04,8.599332E-01,0.000000E+00,4.228685E+00,4.560715E+04,6.590618E+04,1.572899E+00,2.542283E+04,8.599332E-01,0.000000E+00,0.000000E+00,8.599332E-01,0.000000E+00,4.509432E+00,5.035225E+04,6.530679E+04,8.599332E-01,0.000000E+00,4.251060E+00,4.585417E+04,6.633219E+04,2.537395E+00,1.679796E+04,8.599332E-01,0.000000E+00,0.000000E+00
09:00:00,8.599332E-01,0.000000E+00,4.016270E+00,4.515594E+04,5.979392E+04,8.599332E-01,0.000000E+00,3.887980E+00,4.209583E+04,6.218386E+04,1.395983E+00,2.700534E+04,8.599332E-01,0.000000E+00,0.000000E+00,8.599332E-01,0.000000E+00,4.588158E+00,5.147664E+04,6.661922E+04,8.599332E-01,0.000000E+00,4.416360E+00,4.793552E+04,6.860557E+04,1.515629E+00,2.593490E+04,8.599332E-01,0.000000E+00,0.000000E+00,8.599332E-01,0.000000E+00,4.700427E+00,5.271730E+04,6.802873E+04,8.599332E-01,0.000000E+00,4.442414E+00,4.822319E+04,6.907756E+04,2.402950E+00,1.800007E+04,8.599332E-01,0.000000E+00,0.000000E+00
09:10:00,8.599332E-01,0.000000E+00,4.093907E+00,4.624134E+04,6.107195E+04,8.599332E-01,0.000000E+00,3.966022E+00,4.318571E+04,6.346680E+04,1.366694E+00,2.726723E+04,8.599332E-01,0.000000E+00,0.000000E+00,8.599332E-01,0.000000E+00,4.655763E+00,5.245107E+04,6.776460E+04,8.599332E-01,0.000000E+00,4.484402E+00,4.891477E+04,6.976188E+04,1.489664E+00,2.616706E+04,8.599332E-01,0.000000E+00,0.000000E+00,8.599332E-01,0.000000E+00,4.771964E+00,5.373517E+04,6.921617E+04,8.599332E-01,0.000000E+00,4.514513E+00,4.924727E+04,7.028046E+04,2.344618E+00,1.852155E+04,8.599332E-01,0.000000E+00,0.000000E+00
09:20:00,8.599332E-01,0.000000E+00,4.160386E+00,4.720340E+04,6.230718E+04,8.599332E-01,0.000000E+00,4.032954E+00,4.415280E+04,6.470243E+04,1.340464E+00,2.750178E+04,8.599332E-01,0.000000E+00,0.000000E+00,8.599332E-01,0.000000E+00,4.714196E+00,5.332411E+04,6.891019E+04,8.599332E-01,0.000000E+00,4.543331E+00,4.979331E+04,7.091047E+04,1.466441E+00,2.637472E+04,8.599332E-01,0.000000E+00,0.000000E+00,8.599332E-01,0.000000E+00,4.834720E+00,5.465597E+04,7.041181E+04,8.599332E-01,0.000000E+00,4.577908E+00,5.017516E+04,7.148017E+04,2.292057E+00,1.899150E+04,8.599332E-01,0.000000E+00,0.000000E+00
09:30:00,8.599332E-01,0.000000E+00,4.221274E+00,4.810369E+04,6.349101E+04,8.599332E-01,0.000000E+00,4.094282E+00,4.505797E+04,6.588632E+04,1.315793E+00,2.772240E+04,8.599332E-01,0.000000E+00,0.000000E+00,8.599332E-01,0.000000E+00,4.767899E+00,5.414490E+04,7.001888E+04,8.599332E-01,0.000000E+00,4.597484E+00,5.061910E+04,7.202028E+04,1.444615E+00,2.656989E+04,8.599332E-01,0.000000E+00,0.000000E+00,8.599332E-01,0.000000E+00,4.893150E+00,5.552899E+04,7.157579E+04,8.599332E-01,0.000000E+00,4.636905E+00,5.105447E+04,7.264542E+04,2.242214E+00,1.943717E+04,8.599332E-01,0.000000E+00,0.000000E+00
09:40:00,8.599332E-01,0.000000E+00,4.276724E+00,4.894393E+04,6.456764E+04,8.599332E-01,0.000000E+00,4.150063E+00,4.590188E+04,6.696478E+04,1.292399E+00,2.793160E+04,8.599332E-01,0.000000E+00,0.000000E+00,8.599332E-01,0.000000E+00,4.817105E+00,5.491606E+04,7.102290E+04,8.599332E-01,0.000000E+00,4.647106E+00,5.139486E+04,7.302860E+04,1.423887E+00,2.675525E+04,8.599332E-01,0.000000E+00,0.000000E+00,8.599332E-01,0.000000E+00,4.947474E+00,5.635669E+04,7.263817E+04,8.599332E-01,0.000000E+00,4.691793E+00,5.188844E+04,7.371416E+04,2.194358E+00,1.986507E+04,8.599332E-01,0.000000E+00,0.000000E+00
09:50:00,8.599332E-01,0.000000E+00,4.326992E+00,4.972693E+04,6.553199E+04,8.599332E-01,0.000000E+00,4.200629E+00,4.668818E+04,6.793368E+04,1.270028E+00,2.813164E+04,8.599332E-01,0.000000E+00,0.000000E+00,8.599332E-01,0.000000E+00,4.862151E+00,5.564129E+04,7.191663E+04,8.599332E-01,0.000000E+00,4.692522E+00,5.212420E+04,7.392972E+04,1.403948E+00,2.693354E+04,8.599332E-01,0.000000E+00,0.000000E+00,8.599332E-01,0.000000E+00,4.998009E+00,5.714259E+04,7.359309E+04,8.599332E-01,0.000000E+00,4.742804E+00,5.267961E+04,7.467944E+04,2.147983E+00,2.027971E+04,8.599332E-01,0.000000E+00,0.000000E+00
10:00:00,8.599332E-01,0.000000E+00,4.372465E+00,5.045695E+04,6.640276E+04,8.599332E-01,0.000000E+00,4.246331E+00,4.742075E+04,6.880992E+04,1.248498E+00,2.832417E+04,8.599332E-01,0.000000E+00,0.000000E+00,8.599332E-01,0.000000E+00,4.903368E+00,5.632425E+04,7.272236E+04,8.599332E-01,0.000000E+00,4.734057E+00,5.281068E+04,7.474404E+04,1.384637E+00,2.710622E+04,8.599332E-01,0.000000E+00,0.000000E+00,8.599332E-01,0.000000E+00,5.045072E+00,5.789015E+04,7.446340E+04,8.599332E-01,0.000000E+00,4.790331E+00,5.343230E+04,7.556255E+04,2.102693E+00,2.068466E+04,8.599332E-01,0.000000E+00,0.000000E+00
10:10:00,8.599332E-01,0.000000E+00,4.375384E+00,5.068990E+04,6.669360E+04,8.599332E-01,0.000000E+00,4.249538E+00,4.765689E+04,6.910451E+04,1.237612E+00,2.842151E+04,8.599332E-01,0.000000E+00,0.000000E+00,8.599332E-01,0.000000E+00,4.904134E+00,5.653337E+04,7.297733E+04,8.599332E-01,0.000000E+00,4.735218E+00,5.302418E+04,7.500511E+04,1.375527E+00,2.718767E+04,8.599332E-01,0.000000E+00,0.000000E+00,8.599332E-01,0.000000E+00,5.051975E+00,5.816708E+04,7.478667E+04,8.599332E-01,0.000000E+00,4.797782E+00,5.371531E+04,7.589508E+04,2.081875E+00,2.087075E+04,8.599332E-01,0.000000E+00,0.000000E+00
10:20:00,8.599332E-01,0.000000E+00,4.372479E+00,5.085852E+04,6.690041E+04,8.599332E-01,0.000000E+00,4.246860E+00,4.782804E+04,6.931417E+04,1.228044E+00,2.850706E+04,8.599332E-01,0.000000E+00,0.000000E+00,8.599332E-01,0.000000E+00,4.900289E+00,5.669158E+04,7.316417E+04,8.599332E-01,0.000000E+00,4.731720E+00,5.318624E+04,7.519695E+04,1.367368E+00,2.726061E+04,8.599332E-01,0.000000E+00,0.000000E+00,8.599332E-01,0.000000E+00,5.054545E+00,5.839619E+04,7.504539E+04,8.599332E-01,0.000000E+00,4.800878E+00,5.395025E+04,7.616198E+04,2.062960E+00,2.103982E+04,8.599332E-01,0.000000E+00,0.000000E+00
10:30:00,8.599332E-01,0.000000E+00,4.366609E+00,5.099441E+04,6.706268E+04,8.599332E-01,0.000000E+00,4.241221E+00,4.796649E+04,6.947921E+04,1.219288E+00,2.858535E+04,8.599332E-01,0.000000E+00,0.000000E+00,8.599332E-01,0.000000E+00,4.894227E+00,5.682534E+04,7.331702E+04,8.599332E-01,0.000000E+00,4.726025E+00,5.332406E+04,7.535466E+04,1.359869E+00,2.732765E+04,8.599332E-01,0.000000E+00,0.000000E+00,8.599332E-01,0.000000E+00,5.055202E+00,5.860421E+04,7.527403E+04,8.599332E-01,0.000000E+00,4.802065E+00,5.416413E+04,7.639820E+04,2.045216E+00,2.119844E+04,8.599332E-01,0.000000E+00,0.000000E+00
10:40:00,8.599332E-01,0.000000E+00,4.359253E+00,5.111393E+04,6.719980E+04,8.599332E-01,0.000000E+00,4.234157E+00,4.808923E+04,6.961964E+04,1.211244E+00,2.865728E+04,8.599332E-01,0.000000E+00,0.000000E+00,8.599332E-01,0.000000E+00,4.887369E+00,5.695035E+04,7.345453E+04,8.599332E-01,0.000000E+00,4.719503E+00,5.345280E+04,7.549625E+04,1.352907E+00,2.738991E+04,8.599332E-01,0.000000E+00,0.000000E+00,8.599332E-01,0.000000E+00,5.055295E+00,5.880604E+04,7.549021E+04,8.599332E-01,0.000000E+00,4.802683E+00,5.437177E+04,7.662130E+04,2.028376E+00,2.134899E+04,8.599332E-01,0.000000E+00,0.000000E+00
10:50:00,8.599332E-01,0.000000E+00,4.352112E+00,5.123586E+04,6.733346E+04,8.599332E-01,0.000000E+00,4.227314E+00,4.821447E+04,6.975652E+04,1.203798E+00,2.872387E+04,8.599332E-01,0.000000E+00,0.000000E+00,8.599332E-01,0.000000E+00,4.881104E+00,5.708195E+04,7.359419E+04,8.599332E-01,0.000000E+00,4.713604E+00,5.358845E+04,7.564010E+04,1.346391E+00,2.744817E+04,8.599332E-01,0.000000E+00,0.000000E+00,8.599332E-01,0.000000E+00,5.056227E+00,5.901719E+04,7.571156E+04,8.599332E-01,0.000000E+00,4.804172E+00,5.458908E+04,7.684955E+04,2.012935E+00,2.148704E+04,8.599332E-01,0.000000E+00,0.000000E+00
11:00:00,8.599332E-01,0.000000E+00,4.346745E+00,5.137740E+04,6.748315E+04,8.599332E-01,0.000000E+00,4.222230E+00,4.835915E+04,6.990919E+04,1.196846E+00,2.878604E+04,8.599332E-01,0.000000E+00,0.000000E+00,8.599332E-01,0.000000E+00,4.876747E+00,5.723467E+04,7.375235E+04,8.599332E-01,0.000000E+00,4.709606E+00,5.374514E+04,7.580224E+04,1.340245E+00,2.750313E+04,8.599332E-01,0.000000E+00,0.000000E+00,8.599332E-01,0.000000E+00,5.059289E+00,5.925190E+04,7.595404E+04,8.599332E-01,0.000000E+00,4.807783E+00,5.482986E+04,7.709862E+04,2.005135E+00,2.155677E+04,8.599332E-01,0.000000E+00,0.000000E+00
11:10:00,8.599332E-01,0.000000E+00,4.344174E+00,5.148290E+04,6.759350E+04,8.599332E-01,0.000000E+00,4.219902E+00,4.846733E+04,7.002196E+04,1.190299E+00,2.884458E+04,8.599332E-01,0.000000E+00,0.000000E+00,8.599332E-01,0.000000E+00,4.875154E+00,5.735098E+04,7.387153E+04,8.599332E-01,0.000000E+00,4.708305E+00,5.386468E+04,7.592442E+04,1.334406E+00,2.755534E+04,8.599332E-01,0.000000E+00,0.000000E+00,8.599332E-01,0.000000E+00,5.065312E+00,5.945237E+04,7.615982E+04,8.599332E-01,0.000000E+00,4.814285E+00,5.503564E+04,7.730992E+04,1.997629E+00,2.162387E+04,8.599332E-01,0.000000E+00,0.000000E+00
11:20:00,8.599332E-01,0.000000E+00,4.344962E+00,5.162553E+04,6.774043E+04,8.599332E-01,0.000000E+00,4.220973E+00,4.861310E+04,7.017190E+04,1.184088E+00,2.890013E+04,8.599332E-01,0.000000E+00,0.000000E+00,8.599332E-01,0.000000E+00,4.876703E+00,5.750203E+04,7.402536E+04,8.599332E-01,0.000000E+00,4.710181E+00,5.401933E+04,7.608173E+04,1.328821E+00,2.760529E+04,8.599332E-01,0.000000E+00,0.000000E+00,8.599332E-01,0.000000E+00,5.074673E+00,5.968976E+04,7.640255E+04,8.599332E-01,0.000000E+00,4.824143E+00,5.527851E+04,7.755845E+04,1.990370E+00,2.168877E+04,8.599332E-01,0.000000E+00,0.000000E+00
11:30:00,8.599332E-01,0.000000E+00,4.349122E+00,5.180544E+04,6.792494E+04,8.599332E-01,0.000000E+00,4.225410E+00,4.879606E+04,7.035944E+04,1.178158E+00,2.895316E+04,8.599332E-01,0.000000E+00,0.000000E+00,8.599332E-01,0.000000E+00,4.881325E+00,5.768704E+04,7.421370E+04,8.599332E-01,0.000000E+00,4.715102E+00,5.420764E+04,7.627336E+04,1.323449E+00,2.765333E+04,8.599332E-01,0.000000E+00,0.000000E+00,8.599332E-01,0.000000E+00,5.087255E+00,5.996273E+04,7.668151E+04,8.599332E-01,0.000000E+00,4.837214E+00,5.555689E+04,7.784322E+04,1.983323E+00,2.175177E+04,8.599332E-01,0.000000E+00,0.000000E+00
11:40:00,8.599332E-01,0.000000E+00,4.356109E+00,5.201659E+04,6.814128E+04,8.599332E-01,0.000000E+00,4.232670E+00,4.901023E+04,7.057889E+04,1.172467E+00,2.900405E+04,8.599332E-01,0.000000E+00,0.000000E+00,8.599332E-01,0.000000E+00,4.888377E+00,5.789890E+04,7.442955E+04,8.599332E-01,0.000000E+00,4.722466E+00,5.442296E+04,7.649274E+04,1.318259E+00,2.769975E+04,8.599332E-01,0.000000E+00,0.000000E+00,8.599332E-01,0.000000E+00,5.102443E+00,6.026453E+04,7.699002E+04,8.599332E-01,0.000000E+00,4.852885E+00,5.586401E+04,7.815758E+04,1.976463E+00,2.181312E+04,8.599332E-01,0.000000E+00,0.000000E+00
11:50:00,8.599332E-01,0.000000E+00,4.364883E+00,5.224749E+04,6.837790E+04,8.599332E-01,0.000000E+00,4.241728E+00,4.924427E+04,7.081884E+04,1.166984E+00,2.905309E+04,8.599332E-01,0.000000E+00,0.000000E+00,8.599332E-01,0.000000E+00,4.896853E+00,5.812651E+04,7.466168E+04,8.599332E-01,0.000000E+00,4.731261E+00,5.465409E+04,7.672854E+04,1.313225E+00,2.774476E+04,8.599332E-01,0.000000E+00,0.000000E+00,8.599332E-01,0.000000E+00,5.119187E+00,6.058351E+04,7.731633E+04,8.599332E-01,0.000000E+00,4.870118E+00,5.618840E+04,7.848985E+04,1.969768E+00,2.187298E+04,8.599332E-01,0.000000E+00,0.000000E+00
12:00:00,8.599332E-01,0.000000E+00,4.374284E+00,5.248533E+04,6.862188E+04,8.599332E-01,0.000000E+00,4.251435E+00,4.948549E+04,7.106645E+04,1.161682E+00,2.910050E+04,8.599332E-01,0.000000E+00,0.000000E+00,8.599332E-01,0.000000E+00,4.905652E+00,5.835768E+04,7.489784E+04,8.599332E-01,0.000000E+00,4.740388E+00,5.488889E+04,7.696851E+04,1.308331E+00,2.778854E+04,8.599332E-01,0.000000E+00,0.000000E+00,8.599332E-01,0.000000E+00,5.136371E+00,6.090736E+04,7.764801E+04,8.599332E-01,0.000000E+00,4.887801E+00,5.651776E+04,7.882766E+04,1.963225E+00,2.193149E+04,8.599332E-01,0.000000E+00,0.000000E+00
12:10:00,8.599332E-01,0.000000E+00,4.355537E+00,5.238529E+04,6.848581E+04,8.599332E-01,0.000000E+00,4.233020E+00,4.938912E+04,7.093237E+04,1.164641E+00,2.907403E+04,8.599332E-01,0.000000E+00,0.000000E+00,8.599332E-01,0.000000E+00,4.886302E+00,5.825099E+04,7.475846E+04,8.599332E-01,0.000000E+00,4.721408E+00,5.478628E+04,7.683087E+04,1.311589E+00,2.775939E+04,8.599332E-01,0.000000E+00,0.000000E+00,8.599332E-01,0.000000E+00,5.125501E+00,6.089437E+04,7.760629E+04,8.599332E-01,0.000000E+00,4.877475E+00,5.651079E+04,7.878926E+04,1.964893E+00,2.191656E+04,8.599332E-01,0.000000E+00,0.000000E+00
12:20:00,8.599332E-01,0.000000E+00,4.336108E+00,5.227774E+04,6.804357E+04,8.599332E-01,0.000000E+00,4.213942E+00,4.928546E+04,7.050313E+04,1.168009E+00,2.904391E+04,8.599332E-01,0.000000E+00,0.000000E+00,8.599332E-01,0.000000E+00,4.865994E+00,5.813372E+04,7.426648E+04,8.599332E-01,0.000000E+00,4.701497E+00,5.467342E+04,7.635541E+04,1.315191E+00,2.772717E+04,8.599332E-01,0.000000E+00,0.000000E+00,8.599332E-01,0.000000E+00,5.113759E+00,6.087178E+04,7.719511E+04,8.599332E-01,0.000000E+00,4.866307E+00,5.649455E+04,7.840280E+04,1.966952E+00,2.189812E+04,8.599332E-01,0.000000E+00,0.000000E+00
12:30:00,8.599332E-01,0.000000E+00,4.315931E+00,5.216200E+04,6.751091E+04,8.599332E-01,0.000000E+00,4.194128E+00,4.917372E+04,6.998417E+04,1.171663E+00,2.901123E+04,8.599332E-01,0.000000E+00,0.000000E+00,8.599332E-01,0.000000E+00,4.844607E+00,5.800461E+04,7.367481E+04,8.599332E-01,0.000000E+00,4.680524E+00,5.454888E+04,7.578082E+04,1.319049E+00,2.769266E+04,8.599332E-01,0.000000E+00,0.000000E+00,8.599332E-01,0.000000E+00,5.101018E+00,6.083824E+04,7.668384E+04,8.599332E-01,0.000000E+00,4.854155E+00,5.646751E+04,7.791675E+04,1.969288E+00,2.187723E+04,8.599332E-01,0.000000E+00,0.000000E+00
12:40:00,8.599332E-01,0.000000E+00,4.294970E+00,5.203766E+04,6.705064E+04,8.599332E-01,0.000000E+00,4.173538E+00,4.905348E+04,6.953251E+04,1.175552E+00,2.897644E+04,8.599332E-01,0.000000E+00,0.000000E+00,8.599332E-01,0.000000E+00,4.822104E+00,5.786327E+04,7.317157E+04,8.599332E-01,0.000000E+00,4.658450E+00,5.441227E+04,7.528738E+04,1.323138E+00,2.765610E+04,8.599332E-01,0.000000E+00,0.000000E+00,8.599332E-01,0.000000E+00,5.087220E+00,6.079312E+04,7.627087E+04,8.599332E-01,0.000000E+00,4.840961E+00,5.642906E+04,7.751804E+04,1.971856E+00,2.185428E+04,8.599332E-01,0.000000E+00,0.000000E+00
12:50:00,8.599332E-01,0.000000E+00,4.273744E+00,5.191046E+04,6.670016E+04,8.599332E-01,0.000000E+00,4.152693E+00,4.893048E+04,6.918600E+04,1.179645E+00,2.893984E+04,8.599332E-01,0.000000E+00,0.000000E+00,8.599332E-01,0.000000E+00,4.798954E+00,5.771486E+04,7.279475E+04,8.599332E-01,0.000000E+00,4.635743E+00,5.426874E+04,7.491404E+04,1.327442E+00,2.761761E+04,8.599332E-01,0.000000E+00,0.000000E+00,8.599332E-01,0.000000E+00,5.072814E+00,6.074136E+04,7.599348E+04,8.599332E-01,0.000000E+00,4.827171E+00,5.638410E+04,7.724552E+04,1.974624E+00,2.182957E+04,8.599332E-01,0.000000E+00,0.000000E+00
13:00:00,8.599332E-01,0.000000E+00,4.253109E+00,5.178983E+04,6.643782E+04,8.599332E-01,0.000000E+00,4.132446E+00,4.881413E+04,6.892567E+04,1.183920E+00,2.890162E+04,8.599332E-01,0.000000E+00,0.000000E+00,8.599332E-01,0.000000E+00,4.775936E+00,5.756794E+04,7.251295E+04,8.599332E-01,0.000000E+00,4.613179E+00,5.412683E+04,7.463320E+04,1.331942E+00,2.757738E+04,8.599332E-01,0.000000E+00,0.000000E+00,8.599332E-01,0.000000E+00,5.058557E+00,6.069131E+04,7.581552E+04,8.599332E-01,0.000000E+00,4.813542E+00,5.634095E+04,7.706865E+04,1.977570E+00,2.180330E+04,8.599332E-01,0.000000E+00,0.000000E+00
13:10:00,8.599332E-01,0.000000E+00,4.261906E+00,5.195433E+04,6.653509E+04,8.599332E-01,0.000000E+00,4.141624E+00,4.898282E+04,6.902635E+04,1.180258E+00,2.893438E+04,8.599332E-01,0.000000E+00,0.000000E+00,8.599332E-01,0.000000E+00,4.781538E+00,5.769718E+04,7.258243E+04,8.599332E-01,0.000000E+00,4.619231E+00,5.426102E+04,7.470578E+04,1.328588E+00,2.760740E+04,8.599332E-01,0.000000E+00,0.000000E+00,8.599332E-01,0.000000E+00,5.072936E+00,6.091758E+04,7.598879E+04,8.599332E-01,0.000000E+00,4.828535E+00,5.657399E+04,7.724567E+04,1.972604E+00,2.184780E+04,8.599332E-01,0.000000E+00,0.000000E+00
13:20:00,8.599332E-01,0.000000E+00,4.272977E+00,5.214394E+04,6.668039E+04,8.599332E-01,0.000000E+00,4.153053E+00,4.917638E+04,6.917508E+04,1.176482E+00,2.896817E+04,8.599332E-01,0.000000E+00,0.000000E+00,8.599332E-01,0.000000E+00,4.788853E+00,5.784533E+04,7.269384E+04,8.599332E-01,0.000000E+00,4.626975E+00,5.441390E+04,7.482065E+04,1.325159E+00,2.763810E+04,8.599332E-01,0.000000E+00,0.000000E+00,8.599332E-01,0.000000E+00,5.089011E+00,6.116258E+04,7.620304E+04,8.599332E-01,0.000000E+00,4.845201E+00,5.682549E+04,7.746435E+04,1.967524E+00,2.189335E+04,8.599332E-01,0.000000E+00,0.000000E+00
13:30:00,8.599332E-01,0.000000E+00,4.287031E+00,5.236647E+04,6.687203E+04,8.599332E-01,0.000000E+00,4.167429E+00,4.940246E+04,6.937003E+04,1.172691E+00,2.900208E+04,8.599332E-01,0.000000E+00,0.000000E+00,8.599332E-01,0.000000E+00,4.798611E+00,5.802042E+04,7.284446E+04,8.599332E-01,0.000000E+00,4.637126E+00,5.459332E+04,7.497489E+04,1.321718E+00,2.766890E+04,8.599332E-01,0.000000E+00,0.000000E+00,8.599332E-01,0.000000E+00,5.107483E+00,6.143400E+04,7.645507E+04,8.599332E-01,0.000000E+00,4.864227E+00,5.710301E+04,7.772128E+04,1.962426E+00,2.193904E+04,8.599332E-01,0.000000E+00,0.000000E+00
13:40:00,8.599332E-01,0.000000E+00,4.305018E+00,5.263239E+04,6.711686E+04,8.599332E-01,0.000000E+00,4.185694E+00,4.967146E+04,6.961783E+04,1.168917E+00,2.903585E+04,8.599332E-01,0.000000E+00,0.000000E+00,8.599332E-01,0.000000E+00,4.811748E+00,5.823277E+04,7.304087E+04,8.599332E-01,0.000000E+00,4.650597E+00,5.480935E+04,7.517456E+04,1.318269E+00,2.769977E+04,8.599332E-01,0.000000E+00,0.000000E+00,8.599332E-01,0.000000E+00,5.129267E+00,6.174192E+04,7.675144E+04,8.599332E-01,0.000000E+00,4.886516E+00,5.741650E+04,7.802252E+04,1.957341E+00,2.198460E+04,8.599332E-01,0.000000E+00,0.000000E+00
13:50:00,8.599332E-01,0.000000E+00,4.327436E+00,5.294723E+04,6.741838E+04,8.599332E-01,0.000000E+00,4.208348E+00,4.998888E+04,6.992182E+04,1.165174E+00,2.906934E+04,8.599332E-01,0.000000E+00,0.000000E+00,8.599332E-01,0.000000E+00,4.828821E+00,5.848853E+04,7.328739E+04,8.599332E-01,0.000000E+00,4.667964E+00,5.506836E+04,7.542408E+04,1.314813E+00,2.773070E+04,8.599332E-01,0.000000E+00,0.000000E+00,8.599332E-01,0.000000E+00,5.154897E+00,6.209228E+04,7.709644E+04,8.599332E-01,0.000000E+00,4.912601E+00,5.777186E+04,7.837207E+04,1.952290E+00,2.202983E+04,8.599332E-01,0.000000E+00,0.000000E+00
14:00:00,8.599332E-01,0.000000E+00,4.354304E+00,5.331121E+04,6.777523E+04,8.599332E-01,0.000000E+00,4.235423E+00,5.035515E+04,7.028079E+04,1.161473E+00,2.910245E+04,8.599332E-01,0.000000E+00,0.000000E+00,8.599332E-01,0.000000E+00,4.849947E+00,5.878905E+04,7.358388E+04,8.599332E-01,0.000000E+00,4.689351E+00,5.537175E+04,7.572318E+04,1.311355E+00,2.776164E+04,8.599332E-01,0.000000E+00,0.000000E+00,8.599332E-01,0.000000E+00,5.184466E+00,6.248611E+04,7.748972E+04,8.599332E-01,0.000000E+00,4.942586E+00,5.817029E+04,7.876958E+04,1.947286E+00,2.207463E+04,8.599332E-01,0.000000E+00,0.000000E+00
14:10:00,8.599332E-01,0.000000E+00,4.413794E+00,5.396875E+04,6.845700E+04,8.599332E-01,0.000000E+00,4.295094E+00,5.101468E+04,7.096598E+04,1.149728E+00,2.920750E+04,8.599332E-01,0.000000E+00,0.000000E+00,8.599332E-01,0.000000E+00,4.903046E+00,5.937596E+04,7.419475E+04,8.599332E-01,0.000000E+00,4.742677E+00,5.596115E+04,7.633851E+04,1.299878E+00,2.786430E+04,8.599332E-01,0.000000E+00,0.000000E+00,8.599332E-01,0.000000E+00,5.245879E+00,6.316489E+04,7.819475E+04,8.599332E-01,0.000000E+00,5.004382E+00,5.885329E+04,7.948129E+04,1.934267E+00,2.219110E+04,8.599332E-01,0.000000E+00,0.000000E+00
14:20:00,8.599332E-01,0.000000E+00,4.477014E+00,5.466749E+04,6.950062E+04,8.599332E-01,0.000000E+00,4.358538E+00,5.171589E+04,7.200337E+04,1.137773E+00,2.931443E+04,8.599332E-01,0.000000E+00,0.000000E+00,8.599332E-01,0.000000E+00,4.959710E+00,6.000222E+04,7.520435E+04,8.599332E-01,0.000000E+00,4.799594E+00,5.659020E+04,7.733910E+04,1.288183E+00,2.796891E+04,8.599332E-01,0.000000E+00,0.000000E+00,8.599332E-01,0.000000E+00,5.310696E+00,6.388127E+04,7.932195E+04,8.599332E-01,0.000000E+00,5.069597E+00,5.957406E+04,8.059543E+04,1.921047E+00,2.230936E+04,8.599332E-01,0.000000E+00,0.000000E+00
14:30:00,8.599332E-01,0.000000E+00,4.542035E+00,5.538606E+04,7.066030E+04,8.599332E-01,0.000000E+00,4.423779E+00,5.243689E+04,7.315665E+04,1.125727E+00,2.942216E+04,8.599332E-01,0.000000E+00,0.000000E+00,8.599332E-01,0.000000E+00,5.018342E+00,6.065015E+04,7.633511E+04,8.599332E-01,0.000000E+00,4.858455E+00,5.724066E+04,7.846063E+04,1.276363E+00,2.807463E+04,8.599332E-01,0.000000E+00,0.000000E+00,8.599332E-01,0.000000E+00,5.377267E+00,6.461694E+04,8.056813E+04,8.599332E-01,0.000000E+00,5.136555E+00,6.031399E+04,8.182898E+04,1.907739E+00,2.242838E+04,8.599332E-01,0.000000E+00,0.000000E+00
14:40:00,8.599332E-01,0.000000E+00,4.607399E+00,5.610832E+04,7.174306E+04,8.599332E-01,0.000000E+00,4.489371E+00,5.316166E+04,7.423863E+04,1.113630E+00,2.953035E+04,8.599332E-01,0.000000E+00,0.000000E+00,8.599332E-01,0.000000E+00,5.077680E+00,6.130578E+04,7.737337E+04,8.599332E-01,0.000000E+00,4.918059E+00,5.789923E+04,7.949787E+04,1.264438E+00,2.818129E+04,8.599332E-01,0.000000E+00,0.000000E+00,8.599332E-01,0.000000E+00,5.444333E+00,6.535794E+04,8.170502E+04,8.599332E-01,0.000000E+00,5.204032E+00,6.105955E+04,8.296512E+04,1.894384E+00,2.254780E+04,8.599332E-01,0.000000E+00,0.000000E+00
14:50:00,8.599332E-01,0.000000E+00,4.671725E+00,5.681903E+04,7.269838E+04,8.599332E-01,0.000000E+00,4.553938E+00,5.387504E+04,7.519805E+04,1.101505E+00,2.963879E+04,8.599332E-01,0.000000E+00,0.000000E+00,8.599332E-01,0.000000E+00,5.136542E+00,6.195604E+04,7.827001E+04,8.599332E-01,0.000000E+00,4.977193E+00,5.855249E+04,8.040004E+04,1.252421E+00,2.828876E+04,8.599332E-01,0.000000E+00,0.000000E+00,8.599332E-01,0.000000E+00,5.510674E+00,6.609083E+04,8.268475E+04,8.599332E-01,0.000000E+00,5.270810E+00,6.179727E+04,8.395379E+04,1.881008E+00,2.266739E+04,8.599332E-01,0.000000E+00,0.000000E+00
15:00:00,8.599332E-01,0.000000E+00,4.733775E+00,5.750452E+04,7.354696E+04,8.599332E-01,0.000000E+00,4.616232E+00,5.456324E+04,7.605274E+04,1.089368E+00,2.974734E+04,8.599332E-01,0.000000E+00,0.000000E+00,8.599332E-01,0.000000E+00,5.193839E+00,6.258894E+04,7.905570E+04,8.599332E-01,0.000000E+00,5.034765E+00,5.918845E+04,8.119392E+04,1.240328E+00,2.839691E+04,8.599332E-01,0.000000E+00,0.000000E+00,8.599332E-01,0.000000E+00,5.575196E+00,6.680355E+04,8.354501E+04,8.599332E-01,0.000000E+00,5.335781E+00,6.251497E+04,8.482675E+04,1.867629E+00,2.278698E+04,8.599332E-01,0.000000E+00,0.000000E+00
15:10:00,8.599332E-01,0.000000E+00,4.763728E+00,5.775487E+04,7.387638E+04,8.599332E-01,0.000000E+00,4.646446E+00,5.481649E+04,7.638687E+04,1.085326E+00,2.978348E+04,8.599332E-01,0.000000E+00,0.000000E+00,8.599332E-01,0.000000E+00,5.220244E+00,6.280002E+04,7.933468E+04,8.599332E-01,0.000000E+00,5.061468E+00,5.940284E+04,8.147900E+04,1.236204E+00,2.843378E+04,8.599332E-01,0.000000E+00,0.000000E+00,8.599332E-01,0.000000E+00,5.608537E+00,6.709125E+04,8.389622E+04,8.599332E-01,0.000000E+00,5.369605E+00,6.280803E+04,8.518798E+04,1.862333E+00,2.283428E+04,8.599332E-01,0.000000E+00,0.000000E+00
15:20:00,8.599332E-01,0.000000E+00,4.788918E+00,5.795259E+04,7.413012E+04,8.599332E-01,0.000000E+00,4.671869E+00,5.501679E+04,7.664459E+04,1.081555E+00,2.981720E+04,8.599332E-01,0.000000E+00,0.000000E+00,8.599332E-01,0.000000E+00,5.242868E+00,6.296933E+04,7.954950E+04,8.599332E-01,0.000000E+00,5.084372E+00,5.957525E+04,8.169905E+04,1.232270E+00,2.846895E+04,8.599332E-01,0.000000E+00,0.000000E+00,8.599332E-01,0.000000E+00,5.637793E+00,6.733381E+04,8.418115E+04,8.599332E-01,0.000000E+00,5.399348E+00,6.305599E+04,8.548185E+04,1.857318E+00,2.287904E+04,8.599332E-01,0.000000E+00,0.000000E+00
15:30:00,8.599332E-01,0.000000E+00,4.809688E+00,5.810152E+04,7.432156E+04,8.599332E-01,0.000000E+00,4.692906E+00,5.516868E+04,7.684017E+04,1.077947E+00,2.984946E+04,8.599332E-01,0.000000E+00,0.000000E+00,8.599332E-01,0.000000E+00,5.261948E+00,6.309954E+04,7.971354E+04,8.599332E-01,0.000000E+00,5.103785E+00,5.970915E+04,8.186849E+04,1.228457E+00,2.850304E+04,8.599332E-01,0.000000E+00,0.000000E+00,8.599332E-01,0.000000E+00,5.663215E+00,6.753409E+04,8.441332E+04,8.599332E-01,0.000000E+00,5.425307E+00,6.326222E+04,8.572276E+04,1.852482E+00,2.292221E+04,8.599332E-01,0.000000E+00,0.000000E+00
15:40:00,8.599332E-01,0.000000E+00,4.826013E+00,5.820141E+04,7.445315E+04,8.599332E-01,0.000000E+00,4.709527E+00,5.527185E+04,7.697604E+04,1.074469E+00,2.988057E+04,8.599332E-01,0.000000E+00,0.000000E+00,8.599332E-01,0.000000E+00,5.277438E+00,6.319018E+04,7.982906E+04,8.599332E-01,0.000000E+00,5.119619E+00,5.980360E+04,8.198925E+04,1.224758E+00,2.853610E+04,8.599332E-01,0.000000E+00,0.000000E+00,8.599332E-01,0.000000E+00,5.684717E+00,6.769116E+04,8.459412E+04,8.599332E-01,0.000000E+00,5.447369E+00,6.342549E+04,8.591202E+04,1.847793E+00,2.296409E+04,8.599332E-01,0.000000E+00,0.000000E+00
15:50:00,8.599332E-01,0.000000E+00,4.837937E+00,5.825275E+04,7.452708E+04,8.599332E-01,0.000000E+00,4.721767E+00,5.532668E+04,7.705431E+04,1.071100E+00,2.991069E+04,8.599332E-01,0.000000E+00,0.000000E+00,8.599332E-01,0.000000E+00,5.289312E+00,6.324094E+04,7.989714E+04,8.599332E-01,0.000000E+00,5.131859E+00,5.985842E+04,8.206255E+04,1.221171E+00,2.856818E+04,8.599332E-01,0.000000E+00,0.000000E+00,8.599332E-01,0.000000E+00,5.702273E+00,6.780472E+04,8.472438E+04,8.599332E-01,0.000000E+00,5.465512E+00,6.354554E+04,8.605061E+04,1.843227E+00,2.300487E+04,8.599332E-01,0.000000E+00,0.000000E+00
16:00:00,8.599332E-01,0.000000E+00,4.845494E+00,5.825586E+04,7.454545E+04,8.599332E-01,0.000000E+00,4.729662E+00,5.533353E+04,7.707707E+04,1.067828E+00,2.993995E+04,8.599332E-01,0.000000E+00,0.000000E+00,8.599332E-01,0.000000E+00,5.297554E+00,6.325163E+04,7.991905E+04,8.599332E-01,0.000000E+00,5.140492E+00,5.987342E+04,8.208969E+04,1.217688E+00,2.859932E+04,8.599332E-01,0.000000E+00,0.000000E+00,8.599332E-01,0.000000E+00,5.715844E+00,6.787429E+04,8.480496E+04,8.599332E-01,0.000000E+00,5.479699E+00,6.362193E+04,8.613948E+04,1.838768E+00,2.304472E+04,8.599332E-01,0.000000E+00,0.000000E+00
16:10:00,8.599332E-01,0.000000E+00,4.848920E+00,5.818656E+04,7.448537E+04,8.599332E-01,0.000000E+00,4.733443E+00,5.526814E+04,7.702140E+04,1.064641E+00,2.996845E+04,8.599332E-01,0.000000E+00,0.000000E+00,8.599332E-01,0.000000E+00,5.302367E+00,6.319765E+04,7.987144E+04,8.599332E-01,0.000000E+00,5.145713E+00,5.982395E+04,8.204729E+04,1.214296E+00,2.862965E+04,8.599332E-01,0.000000E+00,0.000000E+00,8.599332E-01,0.000000E+00,5.725625E+00,6.787522E+04,8.481241E+04,8.599332E-01,0.000000E+00,5.490119E+00,6.362991E+04,8.615509E+04,1.834404E+00,2.308372E+04,8.599332E-01,0.000000E+00,0.000000E+00
16:20:00,8.599332E-01,0.000000E+00,4.848130E+00,5.807066E+04,7.437445E+04,8.599332E-01,0.000000E+00,4.733026E+00,5.515638E+04,7.691495E+04,1.061532E+00,2.999625E+04,8.599332E-01,0.000000E+00,0.000000E+00,8.599332E-01,0.000000E+00,5.303619E+00,6.310432E+04,7.978131E+04,8.599332E-01,0.000000E+00,5.147395E+00,5.973538E+04,8.196242E+04,1.210985E+00,2.865926E+04,8.599332E-01,0.000000E+00,0.000000E+00,8.599332E-01,0.000000E+00,5.731473E+00,6.783270E+04,8.477353E+04,8.599332E-01,0.000000E+00,5.496630E+00,6.359472E+04,8.612440E+04,1.830127E+00,2.312196E+04,8.599332E-01,0.000000E+00,0.000000E+00
16:30:00,8.599332E-01,0.000000E+00,4.843062E+00,5.790749E+04,7.421289E+04,8.599332E-01,0.000000E+00,4.728348E+00,5.499752E+04,7.675793E+04,1.058494E+00,3.002341E+04,8.599332E-01,0.000000E+00,0.000000E+00,8.599332E-01,0.000000E+00,5.301221E+00,6.297067E+04,7.964847E+04,8.599332E-01,0.000000E+00,5.145449E+00,5.960672E+04,8.183494E+04,1.207744E+00,2.868825E+04,8.599332E-01,0.000000E+00,0.000000E+00,8.599332E-01,0.000000E+00,5.733286E+00,6.774559E+04,8.468792E+04,8.599332E-01,0.000000E+00,5.499132E+00,6.351522E+04,8.604706E+04,1.825929E+00,2.315948E+04,8.599332E-01,0.000000E+00,0.000000E+00
16:40:00,8.599332E-01,0.000000E+00,4.834110E+00,5.770140E+04,7.400609E+04,8.599332E-01,0.000000E+00,4.719799E+00,5.479589E+04,7.655574E+04,1.055523E+00,3.004999E+04,8.599332E-01,0.000000E+00,0.000000E+00,8.599332E-01,0.000000E+00,5.295488E+00,6.280015E+04,7.947716E+04,8.599332E-01,0.000000E+00,5.140181E+00,5.944135E+04,8.166909E+04,1.204566E+00,2.871667E+04,8.599332E-01,0.000000E+00,0.000000E+00,8.599332E-01,0.000000E+00,5.731368E+00,6.761724E+04,8.455965E+04,8.599332E-01,0.000000E+00,5.497920E+00,6.339468E+04,8.592715E+04,1.821805E+00,2.319635E+04,8.599332E-01,0.000000E+00,0.000000E+00
16:50:00,8.599332E-01,0.000000E+00,4.821486E+00,5.745474E+04,7.375655E+04,8.599332E-01,0.000000E+00,4.707584E+00,5.455374E+04,7.631084E+04,1.052614E+00,3.007600E+04,8.599332E-01,0.000000E+00,0.000000E+00,8.599332E-01,0.000000E+00,5.286635E+00,6.259517E+04,7.926982E+04,8.599332E-01,0.000000E+00,5.131804E+00,5.924163E+04,8.146727E+04,1.201445E+00,2.874458E+04,8.599332E-01,0.000000E+00,0.000000E+00,8.599332E-01,0.000000E+00,5.725930E+00,6.745000E+04,8.439097E+04,8.599332E-01,0.000000E+00,5.493200E+00,6.323537E+04,8.576687E+04,1.817752E+00,2.323260E+04,8.599332E-01,0.000000E+00,0.000000E+00
17:00:00,8.599332E-01,0.000000E+00,4.802481E+00,5.713754E+04,7.343223E+04,8.599332E-01,0.000000E+00,4.688992E+00,5.424112E+04,7.599095E+04,1.049763E+00,3.010150E+04,8.599332E-01,0.000000E+00,0.000000E+00,8.599332E-01,0.000000E+00,5.273117E+00,6.233862E+04,7.900789E+04,8.599332E-01,0.000000E+00,5.118771E+00,5.899045E+04,8.121067E+04,1.198376E+00,2.877203E+04,8.599332E-01,0.000000E+00,0.000000E+00,8.599332E-01,0.000000E+00,5.715414E+00,6.722664E+04,8.416313E+04,8.599332E-01,0.000000E+00,5.483413E+00,6.302007E+04,8.554719E+04,1.813765E+00,2.326825E+04,8.599332E-01,0.000000E+00,0.000000E+00
17:10:00,8.599332E-01,0.000000E+00,4.750827E+00,5.643273E+04,7.267985E+04,8.599332E-01,0.000000E+00,4.637798E+00,5.354140E+04,7.524178E+04,1.053854E+00,3.006491E+04,8.599332E-01,0.000000E+00,0.000000E+00,8.599332E-01,0.000000E+00,5.229643E+00,6.172422E+04,7.835268E+04,8.599332E-01,0.000000E+00,5.075817E+00,5.838180E+04,8.055887E+04,1.202103E+00,2.873869E+04,8.599332E-01,0.000000E+00,0.000000E+00,8.599332E-01,0.000000E+00,5.674449E+00,6.663997E+04,8.353854E+04,8.599332E-01,0.000000E+00,5.443221E+00,6.244196E+04,8.492847E+04,1.816688E+00,2.324210E+04,8.599332E-01,0.000000E+00,0.000000E+00
17:20:00,8.599332E-01,0.000000E+00,4.690472E+00,5.563179E+04,7.168157E+04,8.599332E-01,0.000000E+00,4.577915E+00,5.274568E+04,7.425188E+04,1.058528E+00,3.002311E+04,8.599332E-01,0.000000E+00,0.000000E+00,8.599332E-01,0.000000E+00,5.179657E+00,6.103788E+04,7.745617E+04,8.599332E-01,0.000000E+00,5.026406E+00,5.770182E+04,7.967355E+04,1.206333E+00,2.870085E+04,8.599332E-01,0.000000E+00,0.000000E+00,8.599332E-01,0.000000E+00,5.626499E+00,6.597614E+04,8.265162E+04,8.599332E-01,0.000000E+00,5.396086E+00,6.178715E+04,8.405799E+04,1.820195E+00,2.321071E+04,8.599332E-01,0.000000E+00,0.000000E+00
17:30:00,8.599332E-01,0.000000E+00,4.624481E+00,5.476860E+04,7.058953E+04,8.599332E-01,0.000000E+00,4.512411E+00,5.188787E+04,7.316884E+04,1.063545E+00,2.997823E+04,8.599332E-01,0.000000E+00,0.000000E+00,8.599332E-01,0.000000E+00,5.125595E+00,6.030654E+04,7.647987E+04,8.599332E-01,0.000000E+00,4.972940E+00,5.697708E+04,7.870913E+04,1.210878E+00,2.866019E+04,8.599332E-01,0.000000E+00,0.000000E+00,8.599332E-01,0.000000E+00,5.574016E+00,6.526226E+04,8.167955E+04,8.599332E-01,0.000000E+00,5.344446E+00,6.108259E+04,8.310307E+04,1.824059E+00,2.317614E+04,8.599332E-01,0.000000E+00,0.000000E+00
17:40:00,8.599332E-01,0.000000E+00,4.553651E+00,5.385196E+04,6.948559E+04,8.599332E-01,0.000000E+00,4.442089E+00,5.097685E+04,7.207161E+04,1.068830E+00,2.993096E+04,8.599332E-01,0.000000E+00,0.000000E+00,8.599332E-01,0.000000E+00,5.068039E+00,5.953662E+04,7.551644E+04,8.599332E-01,0.000000E+00,4.915992E+00,5.621388E+04,7.775407E+04,1.215686E+00,2.861719E+04,8.599332E-01,0.000000E+00,0.000000E+00,8.599332E-01,0.000000E+00,5.517580E+00,6.450473E+04,8.072347E+04,8.599332E-01,0.000000E+00,5.288876E+00,6.033464E+04,8.215904E+04,1.828201E+00,2.313908E+04,8.599332E-01,0.000000E+00,0.000000E+00
17:50:00,8.599332E-01,0.000000E+00,4.478350E+00,5.288593E+04,6.838040E+04,8.599332E-01,0.000000E+00,4.367339E+00,5.001692E+04,7.097109E+04,1.074337E+00,2.988171E+04,8.599332E-01,0.000000E+00,0.000000E+00,8.599332E-01,0.000000E+00,5.007166E+00,5.873008E+04,7.457600E+04,8.599332E-01,0.000000E+00,4.855743E+00,5.541424E+04,7.681876E+04,1.220722E+00,2.857214E+04,8.599332E-01,0.000000E+00,0.000000E+00,8.599332E-01,0.000000E+00,5.457341E+00,6.370523E+04,7.979215E+04,8.599332E-01,0.000000E+00,5.229531E+00,5.954502E+04,8.123520E+04,1.832573E+00,2.309999E+04,8.599332E-01,0.000000E+00,0.000000E+00
18:00:00,8.599332E-01,0.000000E+00,4.401820E+00,5.190632E+04,6.729438E+04,8.599332E-01,0.000000E+00,4.291363E+00,4.904344E+04,6.988838E+04,1.080032E+00,2.983077E+04,8.599332E-01,0.000000E+00,0.000000E+00,8.599332E-01,0.000000E+00,4.944805E+00,5.790710E+04,7.365840E+04,8.599332E-01,0.000000E+00,4.794022E+00,5.459835E+04,7.590476E+04,1.225961E+00,2.852529E+04,8.599332E-01,0.000000E+00,0.000000E+00,8.599332E-01,0.000000E+00,5.395127E+00,6.288390E+04,7.888144E+04,8.599332E-01,0.000000E+00,5.168235E+00,5.873384E+04,8.032997E+04,1.837139E+00,2.305917E+04,8.599332E-01,0.000000E+00,0.000000E+00
18:10:00,8.599332E-01,0.000000E+00,4.237795E+00,4.989276E+04,6.507919E+04,8.599332E-01,0.000000E+00,4.127998E+00,4.703717E+04,6.767109E+04,1.107298E+00,2.958691E+04,8.599332E-01,0.000000E+00,0.000000E+00,8.599332E-01,0.000000E+00,4.797342E+00,5.607662E+04,7.165437E+04,8.599332E-01,0.000000E+00,4.647308E+00,5.277615E+04,7.389732E+04,1.252325E+00,2.828948E+04,8.599332E-01,0.000000E+00,0.000000E+00,8.599332E-01,0.000000E+00,5.247033E+00,6.104647E+04,7.688185E+04,8.599332E-01,0.000000E+00,5.021206E+00,5.690820E+04,7.832777E+04,1.863144E+00,2.282661E+04,8.599332E-01,0.000000E+00,0.000000E+00
18:20:00,8.599332E-01,0.000000E+00,4.067459E+00,4.780950E+04,6.258737E+04,8.599332E-01,0.000000E+00,3.958362E+00,4.496166E+04,6.519048E+04,1.136444E+00,2.932623E+04,8.599332E-01,0.000000E+00,0.000000E+00,8.599332E-01,0.000000E+00,4.643263E+00,5.417308E+04,6.932523E+04,8.599332E-01,0.000000E+00,4.493997E+00,5.088111E+04,7.158351E+04,1.280282E+00,2.803944E+04,8.599332E-01,0.000000E+00,0.000000E+00,8.599332E-01,0.000000E+00,5.091686E+00,5.912895E+04,7.451751E+04,8.599332E-01,0.000000E+00,4.866991E+00,5.500321E+04,7.598738E+04,1.890881E+00,2.257857E+04,8.599332E-01,0.000000E+00,0.000000E+00
18:30:00,8.599332E-01,0.000000E+00,3.892641E+00,4.567670E+04,6.001366E+04,8.599332E-01,0.000000E+00,3.784248E+00,4.283666E+04,6.262997E+04,1.166640E+00,2.905617E+04,8.599332E-01,0.000000E+00,0.000000E+00,8.599332E-01,0.000000E+00,4.483885E+00,5.221097E+04,6.689364E+04,8.599332E-01,0.000000E+00,4.335394E+00,4.892759E+04,6.916993E+04,1.309218E+00,2.778065E+04,8.599332E-01,0.000000E+00,0.000000E+00,8.599332E-01,0.000000E+00,4.930487E+00,5.714676E+04,7.204090E+04,8.599332E-01,0.000000E+00,4.706942E+00,5.303374E+04,7.353802E+04,1.919678E+00,2.232108E+04,8.599332E-01,0.000000E+00,0.000000E+00
18:40:00,8.599332E-01,0.000000E+00,3.710695E+00,4.346511E+04,5.743150E+04,8.599332E-01,0.000000E+00,3.603026E+00,4.063309E+04,6.005577E+04,1.197608E+00,2.877920E+04,8.599332E-01,0.000000E+00,0.000000E+00,8.599332E-01,0.000000E+00,4.317325E+00,5.016950E+04,6.446893E+04,8.599332E-01,0.000000E+00,4.169640E+00,4.689505E+04,6.675568E+04,1.338958E+00,2.751467E+04,8.599332E-01,0.000000E+00,0.000000E+00,8.599332E-01,0.000000E+00,4.761537E+00,5.507891E+04,6.957843E+04,8.599332E-01,0.000000E+00,4.539185E+00,5.097909E+04,7.109195E+04,1.949308E+00,2.205610E+04,8.599332E-01,0.000000E+00,0.000000E+00
18:50:00,8.599332E-01,0.000000E+00,3.518438E+00,4.113955E+04,5.481352E+04,8.599332E-01,0.000000E+00,3.411529E+00,3.831594E+04,5.743992E+04,1.229306E+00,2.849570E+04,8.599332E-01,0.000000E+00,0.000000E+00,8.599332E-01,0.000000E+00,4.141006E+00,4.802017E+04,6.203436E+04,8.599332E-01,0.000000E+00,3.994186E+00,4.475527E+04,6.432363E+04,1.369420E+00,2.724222E+04,8.599332E-01,0.000000E+00,0.000000E+00,8.599332E-01,0.000000E+00,4.582192E+00,5.289617E+04,6.711232E+04,8.599332E-01,0.000000E+00,4.361106E+00,4.881035E+04,6.863136E+04,1.996872E+00,2.163070E+04,8.599332E-01,0.000000E+00,0.000000E+00
19:00:00,8.599332E-01,0.000000E+00,3.317251E+00,3.871527E+04,5.215084E+04,8.599332E-01,0.000000E+00,3.211175E+00,3.590087E+04,5.477634E+04,1.261607E+00,2.820681E+04,8.599332E-01,0.000000E+00,0.000000E+00,8.599332E-01,0.000000E+00,3.955878E+00,4.577345E+04,5.956917E+04,8.599332E-01,0.000000E+00,3.809977E+00,4.251873E+04,6.185655E+04,1.400518E+00,2.696410E+04,8.599332E-01,0.000000E+00,0.000000E+00,8.599332E-01,0.000000E+00,4.393467E+00,5.060976E+04,6.461644E+04,8.599332E-01,0.000000E+00,4.173720E+00,4.653875E+04,6.613539E+04,2.068205E+00,2.099271E+04,8.599332E-01,0.000000E+00,0.000000E+00
19:10:00,8.599332E-01,0.000000E+00,3.155751E+00,3.678318E+04,5.005557E+04,8.599332E-01,0.000000E+00,3.050549E+00,3.397845E+04,5.268218E+04,1.281797E+00,2.802625E+04,8.599332E-01,0.000000E+00,0.000000E+00,8.599332E-01,0.000000E+00,3.809208E+00,4.400535E+04,5.765731E+04,8.599332E-01,0.000000E+00,3.664279E+00,4.076138E+04,5.994559E+04,1.419768E+00,2.679196E+04,8.599332E-01,0.000000E+00,0.000000E+00,8.599332E-01,0.000000E+00,4.242717E+00,4.879661E+04,6.266792E+04,8.599332E-01,0.000000E+00,4.024362E+00,4.474099E+04,6.419000E+04,2.110143E+00,2.061767E+04,8.599332E-01,0.000000E+00,0.000000E+00
19:20:00,8.599332E-01,0.000000E+00,2.988136E+00,3.478344E+04,4.782470E+04,8.599332E-01,0.000000E+00,2.883908E+00,3.198947E+04,5.045924E+04,1.301558E+00,2.784953E+04,8.599332E-01,0.000000E+00,0.000000E+00,8.599332E-01,0.000000E+00,3.656393E+00,4.216926E+04,5.558466E+04,8.599332E-01,0.000000E+00,3.512491E+00,3.893665E+04,5.788343E+04,1.438739E+00,2.662232E+04,8.599332E-01,0.000000E+00,0.000000E+00,8.599332E-01,0.000000E+00,4.085269E+00,4.690936E+04,6.053586E+04,8.599332E-01,0.000000E+00,3.868379E+00,4.286994E+04,6.207484E+04,2.151422E+00,2.024853E+04,8.599332E-01,0.000000E+00,0.000000E+00
19:30:00,8.599332E-01,0.000000E+00,2.814895E+00,3.272147E+04,4.552125E+04,8.599332E-01,0.000000E+00,2.711716E+00,2.993912E+04,4.816501E+04,1.321252E+00,2.767340E+04,8.599332E-01,0.000000E+00,0.000000E+00,8.599332E-01,0.000000E+00,3.498257E+00,4.027431E+04,5.343619E+04,8.599332E-01,0.000000E+00,3.355454E+00,3.705386E+04,5.574754E+04,1.457742E+00,2.645240E+04,8.599332E-01,0.000000E+00,0.000000E+00,8.599332E-01,0.000000E+00,3.921933E+00,4.495698E+04,5.831824E+04,8.599332E-01,0.000000E+00,3.706576E+00,4.093452E+04,5.987682E+04,2.192345E+00,1.988256E+04,8.599332E-01,0.000000E+00,0.000000E+00
19:40:00,8.599332E-01,0.000000E+00,2.641657E+00,3.065950E+04,4.324840E+04,8.599332E-01,0.000000E+00,2.539599E+00,2.788954E+04,4.589920E+04,1.341089E+00,2.749602E+04,8.599332E-01,0.000000E+00,0.000000E+00,8.599332E-01,0.000000E+00,3.339499E+00,3.837245E+04,5.131860E+04,8.599332E-01,0.000000E+00,3.197842E+00,3.516469E+04,5.363908E+04,1.476827E+00,2.628175E+04,8.599332E-01,0.000000E+00,0.000000E+00,8.599332E-01,0.000000E+00,3.757467E+00,4.299206E+04,5.613121E+04,8.599332E-01,0.000000E+00,3.543686E+00,3.898704E+04,5.770432E+04,2.233622E+00,1.951351E+04,8.599332E-01,0.000000E+00,0.000000E+00
19:50:00,8.599332E-01,0.000000E+00,2.476093E+00,2.868232E+04,4.109881E+04,8.599332E-01,0.000000E+00,2.375124E+00,2.592441E+04,4.375333E+04,1.361033E+00,2.731769E+04,8.599332E-01,0.000000E+00,0.000000E+00,8.599332E-01,0.000000E+00,3.186689E+00,3.653628E+04,4.931433E+04,8.599332E-01,0.000000E+00,3.046152E+00,3.334091E+04,5.163945E+04,1.495978E+00,2.611053E+04,8.599332E-01,0.000000E+00,0.000000E+00,8.599332E-01,0.000000E+00,3.598617E+00,4.108917E+04,5.405978E+04,8.599332E-01,0.000000E+00,3.386365E+00,3.710106E+04,5.564111E+04,2.274914E+00,1.914435E+04,8.599332E-01,0.000000E+00,0.000000E+00
20:00:00,8.599332E-01,0.000000E+00,2.319241E+00,2.680140E+04,3.907401E+04,8.599332E-01,0.000000E+00,2.219318E+00,2.405506E+04,4.172932E+04,1.381139E+00,2.713791E+04,8.599332E-01,0.000000E+00,0.000000E+00,8.599332E-01,0.000000E+00,3.041205E+00,3.478107E+04,4.742571E+04,8.599332E-01,0.000000E+00,2.901742E+00,3.159758E+04,4.975171E+04,1.515203E+00,2.593865E+04,8.599332E-01,0.000000E+00,0.000000E+00,8.599332E-01,0.000000E+00,3.446759E+00,3.926353E+04,5.210334E+04,8.599332E-01,0.000000E+00,3.235969E+00,3.529160E+04,5.368791E+04,2.316391E+00,1.877354E+04,8.599332E-01,0.000000E+00,0.000000E+00
20:10:00,8.599332E-01,0.000000E+00,2.237281E+00,2.577504E+04,3.797054E+04,8.599332E-01,0.000000E+00,2.138233E+00,2.303836E+04,4.063079E+04,1.385767E+00,2.709657E+04,8.599332E-01,0.000000E+00,0.000000E+00,8.599332E-01,0.000000E+00,2.966745E+00,3.383764E+04,4.641116E+04,8.599332E-01,0.000000E+00,2.828180E+00,3.066408E+04,4.874265E+04,1.519223E+00,2.590275E+04,8.599332E-01,0.000000E+00,0.000000E+00,8.599332E-01,0.000000E+00,3.365936E+00,3.824980E+04,5.102014E+04,8.599332E-01,0.000000E+00,3.156383E+00,3.429154E+04,5.261261E+04,2.320902E+00,1.873335E+04,8.599332E-01,0.000000E+00,0.000000E+00
20:20:00,8.599332E-01,0.000000E+00,2.172596E+00,2.493958E+04,3.707595E+04,8.599332E-01,0.000000E+00,2.074287E+00,2.221107E+04,3.974049E+04,1.389198E+00,2.706593E+04,8.599332E-01,0.000000E+00,0.000000E+00,8.599332E-01,0.000000E+00,2.907494E+00,3.306228E+04,4.558273E+04,8.599332E-01,0.000000E+00,2.769708E+00,2.989733E+04,4.791913E+04,1.522216E+00,2.587603E+04,8.599332E-01,0.000000E+00,0.000000E+00,8.599332E-01,0.000000E+00,3.300286E+00,3.740372E+04,5.012263E+04,8.599332E-01,0.000000E+00,3.091803E+00,3.345729E+04,5.172195E+04,2.323355E+00,1.871160E+04,8.599332E-01,0.000000E+00,0.000000E+00
20:30:00,8.599332E-01,0.000000E+00,2.121230E+00,2.425132E+04,3.634158E+04,8.599332E-01,0.000000E+00,2.023575E+00,2.153005E+04,3.901038E+04,1.392068E+00,2.704030E+04,8.599332E-01,0.000000E+00,0.000000E+00,8.599332E-01,0.000000E+00,2.860116E+00,3.241814E+04,4.489821E+04,8.599332E-01,0.000000E+00,2.723016E+00,2.926076E+04,4.723940E+04,1.524604E+00,2.585472E+04,8.599332E-01,0.000000E+00,0.000000E+00,8.599332E-01,0.000000E+00,3.246446E+00,3.668817E+04,4.936797E+04,8.599332E-01,0.000000E+00,3.038922E+00,3.275233E+04,5.097401E+04,2.324784E+00,1.869898E+04,8.599332E-01,0.000000E+00,0.000000E+00
20:40:00,8.599332E-01,0.000000E+00,2.080178E+00,2.367705E+04,3.573114E+04,8.599332E-01,0.000000E+00,1.983079E+00,2.096192E+04,3.840383E+04,1.394465E+00,2.701890E+04,8.599332E-01,0.000000E+00,0.000000E+00,8.599332E-01,0.000000E+00,2.821893E+00,3.187515E+04,4.432425E+04,8.599332E-01,0.000000E+00,2.685394E+00,2.872442E+04,4.667007E+04,1.526510E+00,2.583770E+04,8.599332E-01,0.000000E+00,0.000000E+00,8.599332E-01,0.000000E+00,3.201707E+00,3.607318E+04,4.872291E+04,8.599332E-01,0.000000E+00,2.995040E+00,3.214681E+04,5.033547E+04,2.325525E+00,1.869249E+04,8.599332E-01,0.000000E+00,0.000000E+00
20:50:00,8.599332E-01,0.000000E+00,2.045421E+00,2.317235E+04,3.519669E+04,8.599332E-01,0.000000E+00,1.948847E+00,2.046302E+04,3.787325E+04,1.396467E+00,2.700103E+04,8.599332E-01,0.000000E+00,0.000000E+00,8.599332E-01,0.000000E+00,2.789325E+00,3.139467E+04,4.381890E+04,8.599332E-01,0.000000E+00,2.653388E+00,2.825015E+04,4.616921E+04,1.528024E+00,2.582419E+04,8.599332E-01,0.000000E+00,0.000000E+00,8.599332E-01,0.000000E+00,3.162546E+00,3.551981E+04,4.814519E+04,8.599332E-01,0.000000E+00,2.956686E+00,3.160237E+04,4.976413E+04,2.325769E+00,1.869041E+04,8.599332E-01,0.000000E+00,0.000000E+00
21:00:00,8.599332E-01,0.000000E+00,2.015003E+00,2.271560E+04,3.471474E+04,8.599332E-01,0.000000E+00,1.918935E+00,2.001187E+04,3.739514E+04,1.398136E+00,2.698613E+04,8.599332E-01,0.000000E+00,0.000000E+00,8.599332E-01,0.000000E+00,2.760647E+00,3.095716E+04,4.336081E+04,8.599332E-01,0.000000E+00,2.625248E+00,2.781859E+04,4.571556E+04,1.529217E+00,2.581355E+04,8.599332E-01,0.000000E+00,0.000000E+00,8.599332E-01,0.000000E+00,3.127199E+00,3.500860E+04,4.761358E+04,8.599332E-01,0.000000E+00,2.922118E+00,3.109977E+04,4.923881E+04,2.325655E+00,1.869152E+04,8.599332E-01,0.000000E+00,0.000000E+00
21:10:00,8.599332E-01,0.000000E+00,1.666552E+00,1.881539E+04,3.060126E+04,8.599332E-01,0.000000E+00,1.586705E+00,1.628015E+04,3.341937E+04,1.250690E+00,2.830474E+04,8.599332E-01,0.000000E+00,0.000000E+00,8.599332E-01,0.000000E+00,2.288651E+00,2.579495E+04,3.796753E+04,8.599332E-01,0.000000E+00,2.176042E+00,2.288570E+04,4.051023E+04,1.359724E+00,2.732935E+04,8.599332E-01,0.000000E+00,0.000000E+00,8.599332E-01,0.000000E+00,2.591334E+00,2.920350E+04,4.157105E+04,8.599332E-01,0.000000E+00,2.420756E+00,2.563753E+04,4.349193E+04,1.939438E+00,2.218030E+04,8.599332E-01,0.000000E+00,0.000000E+00
21:20:00,8.599332E-01,0.000000E+00,1.323939E+00,1.499528E+04,2.657955E+04,8.599332E-01,0.000000E+00,1.260227E+00,1.261984E+04,2.952132E+04,1.102897E+00,2.962646E+04,8.599332E-01,0.000000E+00,0.000000E+00,8.599332E-01,0.000000E+00,1.822109E+00,2.078946E+04,3.277554E+04,8.599332E-01,0.000000E+00,1.732198E+00,1.809091E+04,3.548791E+04,1.205845E+00,2.874254E+04,8.599332E-01,0.000000E+00,0.000000E+00,8.599332E-01,0.000000E+00,2.062015E+00,2.361779E+04,3.581170E+04,8.599332E-01,0.000000E+00,1.925808E+00,2.036248E+04,3.799731E+04,1.673560E+00,2.489982E+04,8.599332E-01,0.000000E+00,0.000000E+00
21:30:00,8.599332E-01,0.000000E+00,1.025763E+00,1.152679E+04,2.286612E+04,8.599332E-01,0.000000E+00,9.895390E-01,9.455614E+03,2.608162E+04,9.602112E-01,3.093275E+04,8.599332E-01,0.000000E+00,0.000000E+00,8.599332E-01,0.000000E+00,1.360385E+00,1.555532E+04,2.719869E+04,8.599332E-01,0.000000E+00,1.293082E+00,1.308722E+04,3.006294E+04,1.061158E+00,3.008665E+04,8.599332E-01,0.000000E+00,0.000000E+00,8.599332E-01,0.000000E+00,1.538624E+00,1.774896E+04,2.956525E+04,8.599332E-01,0.000000E+00,1.436658E+00,1.483757E+04,3.200077E+04,1.483117E+00,2.677245E+04,8.599332E-01,0.000000E+00,0.000000E+00
21:40:00,8.599332E-01,0.000000E+00,8.801235E-01,9.709013E+03,2.091508E+04,8.599332E-01,0.000000E+00,8.750515E-01,8.005285E+03,2.450453E+04,8.599332E-01,3.179930E+04,8.599332E-01,0.000000E+00,0.000000E+00,8.599332E-01,0.000000E+00,9.644655E-01,1.076063E+04,2.205028E+04,8.599332E-01,0.000000E+00,9.341118E-01,8.736570E+03,2.530863E+04,9.200650E-01,3.130167E+04,8.599332E-01,0.000000E+00,0.000000E+00,8.599332E-01,0.000000E+00,1.020704E+00,1.148268E+04,2.283613E+04,8.599332E-01,0.000000E+00,9.752161E-01,9.256528E+03,2.588911E+04,1.296635E+00,2.842548E+04,8.599332E-01,0.000000E+00,0.000000E+00
21:50:00,8.599332E-01,0.000000E+00,8.599332E-01,9.345796E+03,2.052983E+04,8.599332E-01,0.000000E+00,8.599332E-01,7.703984E+03,2.418264E+04,8.599332E-01,3.179930E+04,8.599332E-01,0.000000E+00,0.000000E+00,8.599332E-01,0.000000E+00,8.599332E-01,9.345796E+03,2.052983E+04,8.599332E-01,0.000000E+00,8.599332E-01,7.703984E+03,2.418264E+04,8.599332E-01,3.179930E+04,8.599332E-01,0.000000E+00,0.000000E+00,8.599332E-01,0.000000E+00,8.599332E-01,9.345796E+03,2.052983E+04,8.599332E-01,0.000000E+00,8.599332E-01,7.703984E+03,2.418264E+04,1.121284E+00,2.984352E+04,8.599332E-01,0.000000E+00,0.000000E+00
22:00:00,8.599332E-01,0.000000E+00,8.599332E-01,9.225252E+03,2.040627E+04,8.599332E-01,0.000000E+00,8.599332E-01,7.583441E+03,2.405852E+04,8.599332E-01,3.179930E+04,8.599332E-01,0.000000E+00,0.000000E+00,8.599332E-01,0.000000E+00,8.599332E-01,9.225252E+03,2.040627E+04,8.599332E-01,0.000000E+00,8.599332E-01,7.583441E+03,2.405852E+04,8.599332E-01,3.179930E+04,8.599332E-01,0.000000E+00,0.000000E+00,8.599332E-01,0.000000E+00,8.599332E-01,9.225252E+03,2.040627E+04,8.599332E-01,0.000000E+00,8.599332E-01,7.583441E+03,2.405852E+04,9.489909E-01,3.114084E+04,8.599332E-01,0.000000E+00,0.000000E+00
22:10:00,8.599332E-01,0.000000E+00,8.599332E-01,9.131496E+03,2.031017E+04,8.599332E-01,0.000000E+00,8.599332E-01,7.489685E+03,2.396200E+04,8.599332E-01,3.179930E+04,8.599332E-01,0.000000E+00,0.000000E+00,8.599332E-01,0.000000E+00,8.599332E-01,9.131496E+03,2.031017E+04,8.599332E-01,0.000000E+00,8.599332E-01,7.489685E+03,2.396200E+04,8.599332E-01,3.179930E+04,8.599332E-01,0.000000E+00,0.000000E+00,8.599332E-01,0.000000E+00,8.599332E-01,9.131496E+03,2.031017E+04,8.599332E-01,0.000000E+00,8.599332E-01,7.489685E+03,2.396200E+04,1.046878E+00,3.050830E+04,8.599332E-01,0.000000E+00,0.000000E+00
22:20:00,8.599332E-01,0.000000E+00,8.599332E-01,9.037740E+03,2.021407E+04,8.599332E-01,0.000000E+00,8.599332E-01,7.395929E+03,2.386547E+04,8.599332E-01,3.179930E+04,8.599332E-01,0.000000E+00,0.000000E+00,8.599332E-01,0.000000E+00,8.599332E-01,9.037740E+03,2.021407E+04,8.599332E-01,0.000000E+00,8.599332E-01,7.395929E+03,2.386547E+04,8.599332E-01,3.179930E+04,8.599332E-01,0.000000E+00,0.000000E+00,8.599332E-01,0.000000E+00,8.599332E-01,9.037740E+03,2.021407E+04,8.599332E-01,0.000000E+00,8.599332E-01,7.395929E+03,2.386547E+04,1.063046E+00,3.040800E+04,8.599332E-01,0.000000E+00,0.000000E+00
22:30:00,8.599332E-01,0.000000E+00,8.599332E-01,8.943984E+03,2.011796E+04,8.599332E-01,0.000000E+00,8.599332E-01,7.302173E+03,2.376894E+04,8.599332E-01,3.179930E+04,8.599332E-01,0.000000E+00,0.000000E+00,8.599332E-01,0.000000E+00,8.599332E-01,8.943984E+03,2.011796E+04,8.599332E-01,0.000000E+00,8.599332E-01,7.302173E+03,2.376894E+04,8.599332E-01,3.179930E+04,8.599332E-01,0.000000E+00,0.000000E+00,8.599332E-01,0.000000E+00,8.599332E-01,8.943984E+03,2.011796E+04,8.599332E-01,0.000000E+00,8.599332E-01,7.302173E+03,2.376894E+04,1.087443E+00,3.025077E+04,8.599332E-01,0.000000E+00,0.000000E+00
22:40:00,8.599332E-01,0.000000E+00,8.599332E-01,8.850228E+03,2.002186E+04,8.599332E-01,0.000000E+00,8.599332E-01,7.208417E+03,2.367242E+04,8.599332E-01,3.179930E+04,8.599332E-01,0.000000E+00,0.000000E+00,8.599332E-01,0.000000E+00,8.599332E-01,8.850228E+03,2.002186E+04,8.599332E-01,0.000000E+00,8.599332E-01,7.208417E+03,2.367242E+04,8.599332E-01,3.179930E+04,8.599332E-01,0.000000E+00,0.000000E+00,8.599332E-01,0.000000E+00,8.599332E-01,8.850228E+03,2.002186E+04,8.599332E-01,0.000000E+00,8.599332E-01,7.208417E+03,2.367242E+04,1.109634E+00,3.010915E+04,8.599332E-01,0.000000E+00,0.000000E+00
22:50:00,8.599332E-01,0.000000E+00,8.599332E-01,8.756472E+03,1.992576E+04,8.599332E-01,0.000000E+00,8.599332E-01,7.114660E+03,2.351566E+04,8.599332E-01,3.179930E+04,8.599332E-01,0.000000E+00,0.000000E+00,8.599332E-01,0.000000E+00,8.599332E-01,8.756472E+03,1.992576E+04,8.599332E-01,0.000000E+00,8.599332E-01,7.114660E+03,2.351566E+04,8.599332E-01,3.179930E+04,8.599332E-01,0.000000E+00,0.000000E+00,8.599332E-01,0.000000E+00,8.599332E-01,8.756472E+03,1.992576E+04,8.599332E-01,0.000000E+00,8.599332E-01,7.114660E+03,2.351566E+04,1.122312E+00,3.002882E+04,8.599332E-01,0.000000E+00,0.000000E+00
23:00:00,8.599332E-01,0.000000E+00,8.599332E-01,8.662716E+03,1.982965E+04,8.599332E-01,0.000000E+00,8.599332E-01,7.020904E+03,2.318188E+04,8.599332E-01,3.179930E+04,8.599332E-01,0.000000E+00,0.000000E+00,8.599332E-01,0.000000E+00,8.599332E-01,8.662716E+03,1.982965E+04,8.599332E-01,0.000000E+00,8.599332E-01,7.020904E+03,2.318188E+04,8.599332E-01,3.179930E+04,8.599332E-01,0.000000E+00,0.000000E+00,8.599332E-01,0.000000E+00,8.599332E-01,8.662716E+03,1.982965E+04,8.599332E-01,0.000000E+00,8.599332E-01,7.020904E+03,2.318188E+04,1.133441E+00,2.995865E+04,8.599332E-01,0.000000E+00,0.000000E+00
23:10:00,8.599332E-01,0.000000E+00,8.599332E-01,8.568960E+03,1.973355E+04,8.599332E-01,0.000000E+00,8.599332E-01,6.927148E+03,2.284958E+04,8.599332E-01,3.179930E+04,8.599332E-01,0.000000E+00,0.000000E+00,8.599332E-01,0.000000E+00,8.599332E-01,8.568960E+03,1.973355E+04,8.599332E-01,0.000000E+00,8.599332E-01,6.927148E+03,2.284958E+04,8.599332E-01,3.179930E+04,8.599332E-01,0.000000E+00,0.000000E+00,8.599332E-01,0.000000E+00,8.599332E-01,8.568960E+03,1.973355E+04,8.599332E-01,0.000000E+00,8.599332E-01,6.927148E+03,2.284958E+04,1.146691E+00,2.987549E+04,8.599332E-01,0.000000E+00,0.000000E+00
23:20:00,8.599332E-01,0.000000E+00,8.599332E-01,8.475204E+03,1.963745E+04,8.599332E-01,0.000000E+00,8.599332E-01,6.833392E+03,2.251878E+04,8.599332E-01,3.179930E+04,8.599332E-01,0.000000E+00,0.000000E+00,8.599332E-01,0.000000E+00,8.599332E-01,8.475204E+03,1.963745E+04,8.599332E-01,0.000000E+00,8.599332E-01,6.833392E+03,2.251878E+04,8.601498E-01,3.179771E+04,8.599332E-01,0.000000E+00,0.000000E+00,8.599332E-01,0.000000E+00,8.599332E-01,8.475204E+03,1.963745E+04,8.599332E-01,0.000000E+00,8.599332E-01,6.833392E+03,2.251878E+04,1.159187E+00,2.979743E+04,8.599332E-01,0.000000E+00,0.000000E+00
23:30:00,8.599332E-01,0.000000E+00,8.599332E-01,8.381448E+03,1.954134E+04,8.599332E-01,0.000000E+00,8.599332E-01,6.739636E+03,2.218946E+04,8.599332E-01,3.179930E+04,8.599332E-01,0.000000E+00,0.000000E+00,8.599332E-01,0.000000E+00,8.599332E-01,8.381448E+03,1.954134E+04,8.599332E-01,0.000000E+00,8.599332E-01,6.739636E+03,2.218946E+04,8.617194E-01,3.178626E+04,8.599332E-01,0.000000E+00,0.000000E+00,8.599332E-01,0.000000E+00,8.599332E-01,8.381448E+03,1.954134E+04,8.599332E-01,0.000000E+00,8.599332E-01,6.739636E+03,2.218946E+04,1.171094E+00,2.972338E+04,8.599332E-01,0.000000E+00,0.000000E+00
23:40:00,8.599332E-01,0.000000E+00,8.599332E-01,8.287692E+03,1.944524E+04,8.599332E-01,0.000000E+00,8.599332E-01,6.645880E+03,2.186161E+04,8.599332E-01,3.179930E+04,8.599332E-01,0.000000E+00,0.000000E+00,8.599332E-01,0.000000E+00,8.599332E-01,8.287692E+03,1.944524E+04,8.599332E-01,0.000000E+00,8.599332E-01,6.645880E+03,2.186161E+04,8.633881E-01,3.177409E+04,8.599332E-01,0.000000E+00,0.000000E+00,8.599332E-01,0.000000E+00,8.599332E-01,8.287692E+03,1.944524E+04,8.599332E-01,0.000000E+00,8.599332E-01,6.645880E+03,2.186161E+04,1.182500E+00,2.965274E+04,8.599332E-01,0.000000E+00,0.000000E+00
23:50:00,8.599332E-01,0.000000E+00,8.599332E-01,8.193935E+03,1.934914E+04,8.599332E-01,0.000000E+00,8.599332E-01,6.552124E+03,2.153521E+04,8.599332E-01,3.179930E+04,8.599332E-01,0.000000E+00,0.000000E+00,8.599332E-01,0.000000E+00,8.599332E-01,8.193935E+03,1.934914E+04,8.599332E-01,0.000000E+00,8.599332E-01,6.552124E+03,2.153521E+04,8.663098E-01,3.175283E+04,8.599332E-01,0.000000E+00,0.000000E+00,8.599332E-01,0.000000E+00,8.599332E-01,8.193935E+03,1.934914E+04,8.599332E-01,0.000000E+00,8.599332E-01,6.552124E+03,2.153521E+04,1.193503E+00,2.958486E+04,8.599332E-01,0.000000E+00,0.000000E+00
24:00:00,8.599332E-01,0.000000E+00,8.599332E-01,8.100179E+03,1.925303E+04,8.599332E-01,0.000000E+00,8.599332E-01,6.458368E+03,2.121028E+04,8.599332E-01,3.179930E+04,8.599332E-01,0.000000E+00,0.000000E+00,8.599332E-01,0.000000E+00,8.599332E-01,8.100179E+03,1.925303E+04,8.599332E-01,0.000000E+00,8.599332E-01,6.458368E+03,2.121028E+04,8.691508E-01,3.173219E+04,8.599332E-01,0.000000E+00,0.000000E+00,8.599332E-01,0.000000E+00,8.599332E-01,8.100179E+03,1.925303E+04,8.599332E-01,0.000000E+00,8.599332E-01,6.458368E+03,2.121028E+04,1.204179E+00,2.951923E+04,8.599332E-01,0.000000E+00,0.000000E+00
Coinc Peak   ,1.859974E+00,4.848920E+00,2.300982E+04,6.769718E+04,1.953233E+00,5.303619E+00,2.222498E+04,7.035998E+04,3.448872E+00,5.733286E+00,8.940862E+03,7.460644E+04
NonCoinc Peak,1.859974E+00,5.793458E+00,2.300982E+04,6.769718E+04,1.953233E+00,6.028183E+00,2.222498E+04,7.035998E+04,3.448872E+00,6.412606E+00,8.940862E+03,7.460644E+04
